"cell_id","N","gamma_v","gamma_o","variant","rep","lmm_auc","lmm_slope","lmm_intercept","lmm_nb10","lmm_nb20","gbm_auc","gbm_slope","gbm_intercept","gbm_nb10","gbm_nb20","lmm_coverage_slope","gbm_coverage_slope","mean_visits","prevalence","train_n","test_n","gbm_wins_auc","twin_delta_auc"
"C1_N500_g0",500,0,0,"outcome",1,0.790632754342432,1.22395156856319,0.0911345214843064,0.807407407407407,0.783333333333333,0.789081885856079,1.21373628936967,0.118859557149633,0.807407407407407,0.783333333333333,0,0,6.214,0.794,350,150,0,-0.00155086848635233
"C1_N500_g0",500,0,0,"treatment",2,0.716350496838302,0.534262260955588,0.73737729138737,0.8,0.77,0.6967780788919,0.437281294228158,0.871610383168863,0.800740740740741,0.763333333333333,0,0,6.09,0.792,350,150,0,-0.0195724179464016
"C1_N500_g0",500,0,0,"outcome",3,0.768194768194768,1.24406949425763,-0.618452379776046,0.755555555555556,0.725,0.75032375032375,1.16281907253363,-0.501167026061843,0.755555555555556,0.725,0,1,6.112,0.804,350,150,0,-0.0178710178710179
"C1_N500_g0",500,0,0,"treatment",4,0.833017077798861,0.998099639454354,-0.0447472459570074,0.771111111111111,0.746666666666667,0.841149362970995,1.01773587882255,-0.077957724891512,0.77037037037037,0.746666666666667,1,1,5.994,0.808,350,150,1,0.00813228517213338
"C1_N500_g0",500,0,0,"outcome",5,0.728049728049728,0.75519210132814,0.145477502166187,0.755555555555556,0.718333333333333,0.719502719502719,0.708702844900422,0.186566599808541,0.755555555555556,0.718333333333333,0,0,5.942,0.794,350,150,0,-0.00854700854700852
"C1_N500_g0",500,0,0,"treatment",6,0.691744730679157,0.426704616483341,0.917536546966912,0.792592592592593,0.743333333333333,0.689988290398126,0.430694457529383,0.910295889183461,0.793333333333333,0.743333333333333,0,0,5.952,0.774,350,150,0,-0.00175644028103039
"C1_N500_g0",500,0,0,"outcome",7,0.759760615559989,0.807852636575498,0.225035272716874,0.785925925925926,0.76,0.779139355941864,0.881743135449494,0.161495765953954,0.785925925925926,0.76,1,1,6.098,0.798,350,150,1,0.0193787403818751
"C1_N500_g0",500,0,0,"treatment",8,0.767841011743451,0.818567820001217,0.200275365500817,0.8,0.776666666666667,0.768443239987955,0.802405281582035,0.203405362212177,0.800740740740741,0.776666666666667,1,1,5.946,0.806,350,150,1,0.000602228244504621
"C1_N500_g0",500,0,0,"outcome",9,0.788888888888889,0.950886411615417,-0.0920062996676975,0.777777777777778,0.751666666666667,0.785,0.912984706261366,-0.054287124478384,0.777777777777778,0.751666666666667,1,1,6.004,0.794,350,150,0,-0.00388888888888883
"C1_N500_g0",500,0,0,"treatment",10,0.81041181041181,1.12970103443892,-0.11791635095497,0.756296296296296,0.726666666666667,0.81015281015281,1.06199002072089,-0.0185240814380326,0.756296296296296,0.726666666666667,1,1,5.896,0.79,350,150,0,-0.000259000259000275
"C1_N500_g0",500,0,0,"outcome",11,0.843091334894614,1.20114870608153,-0.587017397831924,0.792592592592593,0.77,0.821428571428571,1.06116339721935,-0.406020275250483,0.792592592592593,0.771666666666667,0,1,6.056,0.84,350,150,0,-0.0216627634660422
"C1_N500_g0",500,0,0,"treatment",12,0.813585607940447,1.32142280645152,-0.154234933522073,0.807407407407407,0.783333333333333,0.821960297766749,1.27728401612095,-0.0917435768070194,0.807407407407407,0.783333333333333,0,0,6.264,0.818,350,150,1,0.00837468982630274
"C1_N500_g0",500,0,0,"outcome",13,0.77493422626166,0.937252965354654,-0.3412858147828,0.725925925925926,0.691666666666667,0.75747428844774,0.856621102466597,-0.237671064148606,0.725925925925926,0.691666666666667,1,1,6.172,0.788,350,150,0,-0.0174599378139201
"C1_N500_g0",500,0,0,"treatment",14,0.74579652322599,0.807253106426012,0.281932790687301,0.785925925925926,0.763333333333333,0.744656597321174,0.807974165941538,0.309894687425348,0.786666666666667,0.763333333333333,1,1,5.76,0.804,350,150,0,-0.00113992590481615
"C1_N500_g0",500,0,0,"outcome",15,0.726165254237288,0.929271137527467,-0.111561693636818,0.762962962962963,0.733333333333333,0.744438559322034,0.877774987310047,0.026076714484165,0.762962962962963,0.733333333333333,1,1,6.024,0.808,350,150,1,0.0182733050847457
"C1_N500_g0",500,0,0,"treatment",16,0.797018633540373,1.01577507709232,-0.286016358822427,0.740740740740741,0.708333333333333,0.76,0.738745403539513,0.0437744964579309,0.740740740740741,0.708333333333333,1,0,5.942,0.8,350,150,0,-0.0370186335403727
"C1_N500_g0",500,0,0,"outcome",17,0.78476551911087,1.10940345145761,0.0622284102991985,0.77037037037037,0.741666666666667,0.78720520466251,1.13053607870009,0.0374402011138912,0.77037037037037,0.741666666666667,1,1,5.928,0.786,350,150,1,0.00243968555164009
"C1_N500_g0",500,0,0,"treatment",18,0.721573097748646,0.635569840160238,0.457299835879213,0.785185185185185,0.758333333333333,0.735252208606441,0.64158430966836,0.467648044756325,0.785185185185185,0.76,0,0,5.918,0.814,350,150,1,0.0136791108577943
"C1_N500_g0",500,0,0,"outcome",19,0.788151364764268,1.21784886118346,-0.433834628587916,0.807407407407407,0.783333333333333,0.793114143920596,1.22866484166526,-0.418508183313094,0.807407407407407,0.783333333333333,0,0,6.292,0.836,350,150,1,0.00496277915632759
"C1_N500_g0",500,0,0,"treatment",20,0.788289509352128,0.713735603821591,0.187889549115411,0.77037037037037,0.743333333333333,0.796150718351857,0.747317166874508,0.141400983614018,0.77037037037037,0.745,0,0,5.77,0.796,350,150,1,0.00786120899972897
"C1_N500_g0",500,0,0,"outcome",21,0.850093984962406,1.67380626804347,-0.772197851556315,0.718518518518519,0.685,0.849389097744361,1.66035117137959,-0.776443137019685,0.718518518518519,0.685,0,0,6.06,0.776,350,150,0,-0.00070488721804518
"C1_N500_g0",500,0,0,"treatment",22,0.765733212887684,0.997237433909798,-0.0965067546678744,0.8,0.775,0.757000903342367,0.92170957818871,-0.0221131166063033,0.8,0.775,1,1,6.204,0.826,350,150,0,-0.00873230954531767
"C1_N500_g0",500,0,0,"outcome",23,0.64768,0.43995919597282,0.770573058064102,0.814814814814815,0.785,0.6416,0.374662716962376,0.863915588309077,0.808148148148148,0.786666666666667,0,0,6.2,0.828,350,150,0,-0.00608000000000009
"C1_N500_g0",500,0,0,"treatment",24,0.811612576064909,1.01018726443083,-0.39238425583672,0.741481481481482,0.711666666666667,0.806034482758621,0.973745280566679,-0.333008257653723,0.748148148148148,0.71,1,1,6.22,0.816,350,150,0,-0.00557809330628811
"C1_N500_g0",500,0,0,"outcome",25,0.7776369168357,0.873671600777801,0.0306467953955853,0.748148148148148,0.716666666666667,0.776876267748479,0.872625575288532,0.0334186479433399,0.748148148148148,0.716666666666667,1,1,6.14,0.758,350,150,0,-0.000760649087221066
"C1_N500_g0",500,0,0,"treatment",26,0.701054431461955,0.733542037585485,0.138903978825957,0.785185185185185,0.758333333333333,0.718723282986606,0.72294608935142,0.194019033694193,0.785185185185185,0.758333333333333,0,0,6.122,0.818,350,150,1,0.0176688515246509
"C1_N500_g0",500,0,0,"outcome",27,0.773913043478261,0.801297165571763,-0.0313174439649465,0.740740740740741,0.701666666666667,0.76472049689441,0.761549577600253,0.00227794294301462,0.740740740740741,0.708333333333333,1,0,5.994,0.798,350,150,0,-0.00919254658385094
"C1_N500_g0",500,0,0,"treatment",28,0.854700854700855,1.49998325497217,-0.762191134347255,0.711111111111111,0.678333333333333,0.849156849156849,1.42590552282573,-0.688558992105085,0.711111111111111,0.681666666666667,0,0,6.182,0.778,350,150,0,-0.00554400554400547
"C1_N500_g0",500,0,0,"outcome",29,0.734347442680776,0.759517359246018,-0.386889272373911,0.688888888888889,0.65,0.741181657848324,0.779458452217532,-0.41067983239558,0.688888888888889,0.65,0,0,6.022,0.798,350,150,1,0.00683421516754845
"C1_N500_g0",500,0,0,"treatment",30,0.832552693208431,1.46833423271423,-0.483397439727081,0.792592592592593,0.766666666666667,0.828161592505855,1.43000848816648,-0.445832745890967,0.792592592592593,0.766666666666667,0,0,6.196,0.806,350,150,0,-0.0043911007025762
"C2_N500_g08_09",500,0.8,0.9,"outcome",1,0.85664,1.42781582938803,-0.244510147645643,0.814814814814815,0.791666666666667,0.83424,1.21596730241153,-0.0567902950259736,0.814814814814815,0.791666666666667,0,0,7.912,0.816,350,150,0,-0.0224
"C2_N500_g08_09",500,0.8,0.9,"treatment",2,0.792222222222222,1.47149279012051,-0.823839608839232,0.777777777777778,0.75,0.75,0.916967848331839,-0.0513486101798752,0.777777777777778,0.75,0,1,7.31,0.818,350,150,0,-0.0422222222222223
"C2_N500_g08_09",500,0.8,0.9,"outcome",3,0.827079107505071,1.38150346858602,-0.786120005140862,0.748148148148148,0.716666666666667,0.822008113590264,1.43631573242991,-0.895569119515408,0.748148148148148,0.716666666666667,0,0,7.546,0.814,350,150,0,-0.00507099391480725
"C2_N500_g08_09",500,0.8,0.9,"treatment",4,0.700682382133995,0.428749680123591,0.916771407508414,0.807407407407407,0.783333333333333,0.714640198511166,0.400295476568793,0.864882832656516,0.807407407407407,0.785,0,0,7.336,0.782,350,150,1,0.0139578163771712
"C2_N500_g08_09",500,0.8,0.9,"outcome",5,0.801917989417989,1.04123465645867,0.0781089628347025,0.822222222222222,0.8,0.797949735449735,0.936157888129563,0.204607053985288,0.822222222222222,0.8,1,1,7.642,0.816,350,150,0,-0.00396825396825395
"C2_N500_g08_09",500,0.8,0.9,"treatment",6,0.736388888888889,0.667712528210052,0.416421316552824,0.777777777777778,0.75,0.728888888888889,0.632010229660484,0.468065620158068,0.777777777777778,0.751666666666667,0,0,7.462,0.798,350,150,0,-0.00749999999999995
"C2_N500_g08_09",500,0.8,0.9,"outcome",7,0.79296,0.962984019382788,0.219678958364264,0.814814814814815,0.791666666666667,0.79264,0.852307642747632,0.319586368630094,0.814814814814815,0.791666666666667,1,1,7.354,0.818,350,150,0,-0.000319999999999987
"C2_N500_g08_09",500,0.8,0.9,"treatment",8,0.760313158687142,0.807941535273035,0.421994318263707,0.8,0.775,0.760614272809395,0.765351625561454,0.475000766487327,0.8,0.775,1,0,7.826,0.804,350,150,1,0.000301114122252311
"C2_N500_g08_09",500,0.8,0.9,"outcome",9,0.739671610169492,0.639013322154512,0.111196276994108,0.762962962962963,0.733333333333333,0.738612288135593,0.621679149506499,0.13296785109913,0.762962962962963,0.733333333333333,0,0,8.058,0.812,350,150,0,-0.00105932203389836
"C2_N500_g08_09",500,0.8,0.9,"treatment",10,0.796808207466515,1.18546211988193,-0.321030172927021,0.785185185185185,0.758333333333333,0.790538614990026,1.1770223234668,-0.31460558273498,0.785185185185185,0.758333333333333,1,1,7.394,0.806,350,150,0,-0.00626959247648906
"C2_N500_g08_09",500,0.8,0.9,"outcome",11,0.661388888888889,0.668224675487088,0.259075223744266,0.777777777777778,0.75,0.645555555555556,0.627996672931026,0.316948231111739,0.777777777777778,0.75,0,0,7.906,0.812,350,150,0,-0.0158333333333334
"C2_N500_g08_09",500,0.8,0.9,"treatment",12,0.792049689440994,0.997358239970883,0.0497591466629085,0.740740740740741,0.708333333333333,0.789813664596273,0.955881167673621,0.0688639845754656,0.740740740740741,0.708333333333333,1,1,7.684,0.774,350,150,0,-0.00223602484472041
"C2_N500_g08_09",500,0.8,0.9,"outcome",13,0.80026455026455,1.10407890123944,0.0738643667113038,0.822222222222222,0.8,0.805224867724868,1.08516472518084,0.0587258020182707,0.822222222222222,0.8,1,1,7.584,0.814,350,150,1,0.00496031746031744
"C2_N500_g08_09",500,0.8,0.9,"treatment",14,0.776741776741777,1.0055836164212,0.0532770798675304,0.755555555555556,0.725,0.782439782439782,0.900347470197136,0.0724017941527951,0.755555555555556,0.718333333333333,1,1,7.616,0.784,350,150,1,0.0056980056980056
"C2_N500_g08_09",500,0.8,0.9,"outcome",15,0.849552724315533,1.53552007613243,-0.870222425955091,0.77037037037037,0.741666666666667,0.820547573868257,1.22089445297365,-0.538767228553969,0.77037037037037,0.741666666666667,0,0,7.132,0.808,350,150,0,-0.0290051504472757
"C2_N500_g08_09",500,0.8,0.9,"treatment",16,0.794813337133086,0.909246029979718,0.121046140374227,0.785185185185185,0.758333333333333,0.801652892561983,0.920502217854157,0.112503710940752,0.785185185185185,0.758333333333333,1,1,7.326,0.802,350,150,1,0.00683955542889714
"C2_N500_g08_09",500,0.8,0.9,"outcome",17,0.664459745762712,0.527665256328146,0.535343179677502,0.762962962962963,0.735,0.669226694915254,0.406923603293413,0.620846821569077,0.763703703703704,0.735,0,0,7.348,0.8,350,150,1,0.00476694915254239
"C2_N500_g08_09",500,0.8,0.9,"treatment",18,0.821666666666667,0.84862660552489,0.452792390413035,0.777777777777778,0.755,0.8225,0.835331398078821,0.468835464753003,0.777777777777778,0.748333333333333,1,1,7.428,0.776,350,150,1,0.000833333333333353
"C2_N500_g08_09",500,0.8,0.9,"outcome",19,0.694971394158386,0.432508368564627,0.869348318087585,0.8,0.765,0.690755796446853,0.392797350626625,0.904321694849961,0.8,0.755,0,0,8.126,0.792,350,150,0,-0.00421559771153268
"C2_N500_g08_09",500,0.8,0.9,"treatment",20,0.768327067669173,1.0281135936845,-0.317050142950594,0.718518518518519,0.683333333333333,0.762218045112782,0.887154093613989,-0.162668480137699,0.718518518518519,0.683333333333333,1,1,7.482,0.788,350,150,0,-0.00610902255639101
"C2_N500_g08_09",500,0.8,0.9,"outcome",21,0.823888888888889,0.930538828420072,0.0266920382340366,0.778518518518519,0.751666666666667,0.815,0.881058645917241,0.0173200330082049,0.779259259259259,0.755,1,1,7.708,0.822,350,150,0,-0.00888888888888895
"C2_N500_g08_09",500,0.8,0.9,"treatment",22,0.793167372881356,1.16236580764592,-0.474229613388349,0.762962962962963,0.733333333333333,0.758474576271186,0.900844279285422,-0.149818969104852,0.762962962962963,0.733333333333333,1,1,7.742,0.806,350,150,0,-0.0346927966101696
"C2_N500_g08_09",500,0.8,0.9,"outcome",23,0.793636363636364,0.892709884118841,-0.33278648801773,0.703703703703704,0.66,0.790681818181818,0.934027904529031,-0.386324070055914,0.703703703703704,0.666666666666667,1,1,7.434,0.784,350,150,0,-0.00295454545454554
"C2_N500_g08_09",500,0.8,0.9,"treatment",24,0.836013645224172,1.38182539597487,-0.816516690723549,0.733333333333333,0.7,0.841130604288499,1.33183513382785,-0.807003393363013,0.733333333333333,0.7,0,0,7.896,0.786,350,150,1,0.00511695906432752
"C2_N500_g08_09",500,0.8,0.9,"outcome",25,0.771712158808933,1.08779608890888,0.378864264027023,0.807407407407407,0.783333333333333,0.765508684863524,1.01441976841705,0.413618721430787,0.807407407407407,0.785,1,1,7.358,0.778,350,150,0,-0.00620347394540943
"C2_N500_g08_09",500,0.8,0.9,"treatment",26,0.836388888888889,1.35516472958787,-0.30908891627094,0.777777777777778,0.75,0.815833333333333,1.21112395558531,-0.161648756292279,0.777777777777778,0.75,0,0,7.702,0.802,350,150,0,-0.0205555555555555
"C2_N500_g08_09",500,0.8,0.9,"outcome",27,0.782838983050847,1.02872843461953,-0.0225956117401155,0.762962962962963,0.733333333333333,0.775688559322034,0.992029726864254,-0.0164324019247328,0.762962962962963,0.733333333333333,1,1,7.836,0.762,350,150,0,-0.00715042372881347
"C2_N500_g08_09",500,0.8,0.9,"treatment",28,0.730434782608696,0.924256232388463,-0.197110844551266,0.740740740740741,0.708333333333333,0.732919254658385,0.894164160747572,-0.1312128931488,0.740740740740741,0.708333333333333,1,1,7.154,0.806,350,150,1,0.00248447204968938
"C2_N500_g08_09",500,0.8,0.9,"outcome",29,0.814444444444444,0.956133663122032,-0.465533402107404,0.777777777777778,0.75,0.809166666666667,0.907333841895697,-0.413827081190305,0.777777777777778,0.75,1,1,7.922,0.834,350,150,0,-0.00527777777777771
"C2_N500_g08_09",500,0.8,0.9,"treatment",30,0.779156327543424,0.839601003450909,0.540817400610348,0.807407407407407,0.785,0.771091811414392,0.784740832779213,0.586541091264308,0.807407407407407,0.785,1,0,7.796,0.786,350,150,0,-0.00806451612903225
"C3_N2k_g0",2000,0,0,"outcome",1,0.733898072570135,0.781122661425248,0.218017130865717,0.774074074074074,0.747083333333333,0.73372659304479,0.761395696320436,0.246293147286146,0.774259259259259,0.747083333333333,0,0,6.0785,0.796,1400,600,0,-0.000171479525344687
"C3_N2k_g0",2000,0,0,"treatment",2,0.775951192066953,1.10226289675504,0.0148197615207504,0.781481481481481,0.755,0.77640832688656,1.10826387536723,0.0100121411578058,0.781481481481481,0.755,1,1,6.0415,0.8,1400,600,1,0.00045713481960763
"C3_N2k_g0",2000,0,0,"outcome",3,0.733308559395516,0.782795717475052,0.208700875730656,0.783518518518519,0.7575,0.736723823680345,0.779970788175911,0.210261467447731,0.783703703703704,0.7575,0,0,6.0825,0.8055,1400,600,1,0.00341526428482952
"C3_N2k_g0",2000,0,0,"treatment",4,0.774304507875204,0.948810112861275,-0.226032578501532,0.729814814814815,0.697083333333333,0.77379156357492,0.945715839686947,-0.218672431004514,0.729814814814815,0.697083333333333,1,1,6.0855,0.781,1400,600,0,-0.000512944300283591
"C3_N2k_g0",2000,0,0,"outcome",5,0.810797287737884,1.15227761518484,-0.246908697529187,0.775925925925926,0.74875,0.807467347607792,1.12691150562064,-0.210999020393091,0.775925925925926,0.749166666666667,1,1,6.075,0.8015,1400,600,0,-0.00332994013009202
"C3_N2k_g0",2000,0,0,"treatment",6,0.786798233114848,1.0287505648429,-0.00183857259374042,0.78537037037037,0.76,0.782861926474779,0.998249164737215,0.0337179209770209,0.785555555555556,0.759583333333333,1,1,6.022,0.804,1400,600,0,-0.00393630664006839
"C3_N2k_g0",2000,0,0,"outcome",7,0.783697927947441,1.02462690092888,0.0786243245945963,0.788888888888889,0.762916666666667,0.780431015811133,1.01106291455688,0.0907390531609091,0.788888888888889,0.762916666666667,1,1,5.97,0.7935,1400,600,0,-0.00326691213630792
"C3_N2k_g0",2000,0,0,"treatment",8,0.727751756440281,0.736856112938211,0.425508865282352,0.792592592592593,0.765416666666667,0.725794057377049,0.72435787221068,0.440192029714319,0.792592592592593,0.765,0,0,6.065,0.8065,1400,600,0,-0.00195769906323184
"C3_N2k_g0",2000,0,0,"outcome",9,0.747082105263158,0.748730395654678,0.135763189971059,0.768518518518518,0.740416666666667,0.747536842105263,0.768436310831024,0.103505795406643,0.768518518518518,0.740416666666667,0,0,6.022,0.7985,1400,600,1,0.000454736842105286
"C3_N2k_g0",2000,0,0,"treatment",10,0.762242225859247,0.869034135409992,0.0209447851962579,0.759444444444444,0.728333333333333,0.755548281505728,0.833496491579886,0.073929358501899,0.759444444444444,0.730416666666667,1,1,5.9685,0.8065,1400,600,0,-0.00669394435351889
"C3_N2k_g0",2000,0,0,"outcome",11,0.790677083333333,1.18361860056135,-0.15439953514488,0.777777777777778,0.75,0.788315972222222,1.17507266881173,-0.141652830027804,0.777777777777778,0.75,1,1,5.9865,0.7945,1400,600,0,-0.00236111111111104
"C3_N2k_g0",2000,0,0,"treatment",12,0.751113751113751,0.912909152364487,0.0974274559942289,0.77962962962963,0.749166666666667,0.752546340781635,0.91725314810484,0.0901352084247544,0.779814814814815,0.749583333333333,1,1,5.987,0.805,1400,600,1,0.00143258966788384
"C3_N2k_g0",2000,0,0,"outcome",13,0.772576800847458,0.974472778267107,-0.0122661866707783,0.762962962962963,0.732083333333333,0.771600238347458,0.971163152386746,-0.00926395749374698,0.762962962962963,0.732083333333333,1,1,6.0645,0.7925,1400,600,0,-0.0009765625
"C3_N2k_g0",2000,0,0,"treatment",14,0.81682069917364,1.1221416728637,-0.0559671490302023,0.78,0.754166666666667,0.816785757962229,1.12590629456402,-0.0717014891599081,0.779814814814815,0.754166666666667,1,1,6.093,0.7985,1400,600,0,-3.49412114118985e-05
"C3_N2k_g0",2000,0,0,"outcome",15,0.763049528800924,0.954836459504739,-0.00940663674905965,0.757407407407407,0.725416666666667,0.762463581764026,0.954154530739659,-0.0125344155365186,0.757407407407407,0.725416666666667,1,1,6.0405,0.787,1400,600,0,-0.000585947036898404
"C3_N2k_g0",2000,0,0,"treatment",16,0.78080937557224,1.08403097935766,-0.101243229994738,0.764814814814815,0.735833333333333,0.778595328860848,1.06443710149649,-0.0724306938983221,0.764814814814815,0.73625,1,1,6.037,0.798,1400,600,0,-0.00221404671139147
"C3_N2k_g0",2000,0,0,"outcome",17,0.809777365491651,1.07408960209026,-0.205944012413438,0.796296296296296,0.7725,0.80682745825603,1.032632230811,-0.144789964931283,0.796666666666667,0.770833333333333,1,1,5.981,0.819,1400,600,0,-0.0029499072356215
"C3_N2k_g0",2000,0,0,"treatment",18,0.743682487725041,0.849014341154285,0.108325846264353,0.759259259259259,0.72875,0.743371522094926,0.847848581321756,0.106788548461659,0.759444444444444,0.72875,1,1,5.953,0.7995,1400,600,0,-0.000310965630114457
"C3_N2k_g0",2000,0,0,"outcome",19,0.778463648834019,0.952001994121967,0.19573322450241,0.789074074074074,0.76125,0.777922171684355,0.922517119193711,0.213113042447798,0.789074074074074,0.76125,1,1,6.1145,0.7985,1400,600,0,-0.000541477149664349
"C3_N2k_g0",2000,0,0,"treatment",20,0.763914004420334,0.924246971359793,-0.00550268414195799,0.766666666666667,0.73625,0.767614359386511,0.927684986103208,-0.00673801651245362,0.766666666666667,0.73625,1,1,6.103,0.801,1400,600,1,0.00370035496617771
"C3_N2k_g0",2000,0,0,"outcome",21,0.803132318501171,1.04006179578451,0.0969414796481027,0.792962962962963,0.7675,0.804339871194379,1.02083393506353,0.112152625922148,0.792962962962963,0.76625,1,1,6.048,0.806,1400,600,1,0.00120755269320849
"C3_N2k_g0",2000,0,0,"treatment",22,0.78873294044665,1.13323450026632,0.0155012407453259,0.807407407407407,0.78375,0.78776364764268,1.0845905789402,0.0797659704952805,0.807407407407407,0.78375,1,1,5.9965,0.8095,1400,600,0,-0.000969292803970179
"C3_N2k_g0",2000,0,0,"outcome",23,0.773108167447307,1.0518501590687,-0.0968458990985833,0.792592592592593,0.766666666666667,0.772833723653396,1.06133390554725,-0.108172989775907,0.792592592592593,0.766666666666667,1,1,6.1115,0.8045,1400,600,0,-0.000274443793911061
"C3_N2k_g0",2000,0,0,"treatment",24,0.778152638299885,1.05193567529419,-0.243180327756559,0.746296296296296,0.715416666666667,0.777600857624821,1.04797918691889,-0.241203939073608,0.746296296296296,0.715416666666667,1,1,6.0125,0.7895,1400,600,0,-0.000551780675064228
"C3_N2k_g0",2000,0,0,"outcome",25,0.732136577818412,0.734032756299569,0.300081602393877,0.781481481481481,0.754166666666667,0.728409170827766,0.713664184462682,0.332402706306542,0.781666666666667,0.753333333333333,0,0,6.064,0.807,1400,600,0,-0.00372740699064633
"C3_N2k_g0",2000,0,0,"treatment",26,0.78293317184383,1.00731074184178,0.137907854528878,0.785185185185185,0.755833333333333,0.786744799088059,0.995932078728702,0.148745649907088,0.785185185185185,0.755416666666667,1,1,6.0585,0.792,1400,600,1,0.00381162724422912
"C3_N2k_g0",2000,0,0,"outcome",27,0.761762625304094,0.937432727493431,0.0149066551086866,0.776111111111111,0.747916666666667,0.761883400334719,0.936924062122669,0.0169109618455734,0.775925925925926,0.747916666666667,1,1,6.012,0.8005,1400,600,1,0.000120775030625131
"C3_N2k_g0",2000,0,0,"treatment",28,0.744315103047516,0.985614137935045,0.09555313905678,0.798148148148148,0.772916666666667,0.748332367944095,0.99735319514032,0.0778077737571189,0.798148148148148,0.772916666666667,1,1,6.0635,0.8125,1400,600,1,0.00401726489657883
"C3_N2k_g0",2000,0,0,"outcome",29,0.801162029459902,1.00363325884664,-0.190202833901943,0.759259259259259,0.725,0.795515548281506,0.964290674178028,-0.144745189589927,0.759259259259259,0.7225,1,1,6.058,0.8005,1400,600,0,-0.00564648117839606
"C3_N2k_g0",2000,0,0,"treatment",30,0.7821875,1.12979180008302,-0.0780419668963799,0.777777777777778,0.750416666666667,0.781475694444444,1.11945422712857,-0.0675577606218583,0.777777777777778,0.74875,1,1,6.138,0.7915,1400,600,0,-0.000711805555555611
"C4_N2k_g08_09",2000,0.8,0.9,"outcome",1,0.823685638957816,1.4104775175718,-0.275020930247825,0.807407407407407,0.783333333333333,0.824150899503722,1.40523045796796,-0.266483479957467,0.807407407407407,0.783333333333333,0,0,7.521,0.8035,1400,600,1,0.000465260545905788
"C4_N2k_g08_09",2000,0.8,0.9,"treatment",2,0.808474824355972,1.18671300111129,-0.25851166835612,0.792592592592593,0.766666666666667,0.808200380562061,1.1546228427027,-0.213586531167944,0.792592592592593,0.766666666666667,1,1,7.669,0.8155,1400,600,0,-0.00027444379391095
"C4_N2k_g08_09",2000,0.8,0.9,"outcome",3,0.791582811418267,1.10703895219176,-0.28956631427744,0.753703703703704,0.722916666666667,0.792532723672135,1.10015022841262,-0.284108823035617,0.753703703703704,0.722916666666667,1,1,7.5725,0.7895,1400,600,1,0.00094991225386809
"C4_N2k_g08_09",2000,0.8,0.9,"treatment",4,0.781740439433733,1.00710659144294,-0.117186774701403,0.751851851851852,0.72125,0.782284927294856,0.995892773240501,-0.100390089526113,0.751851851851852,0.720833333333333,1,1,7.6205,0.7845,1400,600,1,0.000544487861123599
"C4_N2k_g08_09",2000,0.8,0.9,"outcome",5,0.777711091295699,1.03342090758629,-0.0682720076784736,0.774074074074074,0.745833333333333,0.779305850881405,1.02737426116095,-0.0473549488386862,0.774074074074074,0.745833333333333,1,1,7.6165,0.8005,1400,600,1,0.00159475958570554
"C4_N2k_g08_09",2000,0.8,0.9,"treatment",6,0.797690730894882,1.11725226632533,-0.0949079890459187,0.751851851851852,0.721666666666667,0.795288578566395,1.0360692326228,0.0294748644442891,0.752222222222222,0.724583333333333,1,1,7.4765,0.7835,1400,600,0,-0.0024021523284864
"C4_N2k_g08_09",2000,0.8,0.9,"outcome",7,0.796029959912793,1.09757373809101,-0.0305479918591079,0.781481481481481,0.754583333333333,0.794535480694845,1.08021408628256,-0.00900886432644082,0.781481481481481,0.754583333333333,1,1,7.8345,0.7955,1400,600,0,-0.00149447921794776
"C4_N2k_g08_09",2000,0.8,0.9,"treatment",8,0.791836734693878,0.969120320437323,0.101049793110992,0.796296296296296,0.77125,0.788942486085343,0.946828511140805,0.127152624745831,0.796296296296296,0.77125,1,1,7.7175,0.8065,1400,600,0,-0.00289424860853438
"C4_N2k_g08_09",2000,0.8,0.9,"outcome",9,0.769835182628556,0.861178677432564,0.182415109439155,0.772222222222222,0.742916666666667,0.770397641083329,0.848464604383779,0.194554120125495,0.772222222222222,0.742916666666667,1,1,7.4745,0.8,1400,600,1,0.000562458454773207
"C4_N2k_g08_09",2000,0.8,0.9,"treatment",10,0.796287448461362,1.17170650822189,-0.138872016884504,0.783333333333333,0.756666666666667,0.793650793650794,1.14186024914813,-0.107723554686905,0.783333333333333,0.75625,1,1,7.7465,0.8075,1400,600,0,-0.00263665481056796
"C4_N2k_g08_09",2000,0.8,0.9,"outcome",11,0.745310814509507,0.746221040000689,0.184804877886136,0.753703703703704,0.72375,0.742654280240215,0.732147906543711,0.196721968195109,0.753703703703704,0.72375,0,0,7.4535,0.792,1400,600,0,-0.00265653426929213
"C4_N2k_g08_09",2000,0.8,0.9,"treatment",12,0.793526923961707,1.11941080326354,-0.185835510816189,0.783333333333333,0.75625,0.794287837766099,1.12857813836007,-0.199841695397845,0.783333333333333,0.75625,1,1,7.649,0.809,1400,600,1,0.000760913804392027
"C4_N2k_g08_09",2000,0.8,0.9,"outcome",13,0.773501915467201,0.869159801206971,-0.00645439981447735,0.746296296296296,0.715416666666667,0.770695716605445,0.854720989014893,0.00385414470206318,0.746296296296296,0.715,1,1,7.632,0.786,1400,600,0,-0.00280619886175526
"C4_N2k_g08_09",2000,0.8,0.9,"treatment",14,0.814805327868852,1.3895112401429,-0.540625960365806,0.792592592592593,0.766666666666667,0.806059718969555,1.2564686655517,-0.367133342469664,0.792592592592593,0.766666666666667,0,0,7.498,0.8145,1400,600,0,-0.00874560889929732
"C4_N2k_g08_09",2000,0.8,0.9,"outcome",15,0.769108023307934,0.739726915043633,0.377552284747027,0.787037037037037,0.759166666666667,0.771438816674137,0.734831904009522,0.386507490912646,0.787037037037037,0.76125,0,0,7.5675,0.803,1400,600,1,0.00233079336620345
"C4_N2k_g08_09",2000,0.8,0.9,"treatment",16,0.769087707170954,0.93401205219442,0.0641073668137003,0.761111111111111,0.7325,0.770503135337975,0.92992423638735,0.0633285607760149,0.761111111111111,0.732083333333333,1,1,7.731,0.7855,1400,600,1,0.00141542816702056
"C4_N2k_g08_09",2000,0.8,0.9,"outcome",17,0.793444516641398,1.20232640145613,-0.0307706369101151,0.788888888888889,0.7625,0.794346978557505,1.1871229947584,-0.001579961608851,0.788888888888889,0.7625,0,1,7.38,0.794,1400,600,1,0.000902461916107211
"C4_N2k_g08_09",2000,0.8,0.9,"treatment",18,0.796848837988078,1.17564356831936,-0.229616190904241,0.766666666666667,0.737916666666667,0.79743486705512,1.15954734645787,-0.219998259415387,0.766666666666667,0.7375,1,1,7.563,0.7925,1400,600,1,0.000586029067041749
"C4_N2k_g08_09",2000,0.8,0.9,"outcome",19,0.811467051128771,1.16939528703681,-0.146926221966838,0.779814814814815,0.7525,0.80865391377734,1.15223688134964,-0.139411022210503,0.781481481481481,0.7525,1,1,7.7525,0.7995,1400,600,0,-0.00281313735143118
"C4_N2k_g08_09",2000,0.8,0.9,"treatment",20,0.754324210526316,0.912255180701068,0.100746167731095,0.768518518518518,0.740416666666667,0.750197894736842,0.893146253478056,0.121324217133485,0.768518518518518,0.74,1,1,7.604,0.794,1400,600,0,-0.00412631578947376
"C4_N2k_g08_09",2000,0.8,0.9,"outcome",21,0.805471837117407,1.06454539157918,-0.13550620368841,0.766666666666667,0.7375,0.806124840934968,1.06678555170478,-0.134754709181196,0.766666666666667,0.737916666666667,1,1,7.438,0.8015,1400,600,1,0.000653003817560727
"C4_N2k_g08_09",2000,0.8,0.9,"treatment",22,0.77022738000293,0.887100895490573,0.0794450641623656,0.757407407407407,0.724583333333333,0.769966959097642,0.888249533607161,0.0759802930022669,0.757407407407407,0.725833333333333,1,1,7.675,0.799,1400,600,0,-0.000260420905288106
"C4_N2k_g08_09",2000,0.8,0.9,"outcome",23,0.78317980530279,0.90982227216483,0.103416727888562,0.798148148148148,0.772916666666667,0.780862871129879,0.876506637830816,0.149007452144674,0.798148148148148,0.77375,1,1,7.739,0.8235,1400,600,0,-0.00231693417291057
"C4_N2k_g08_09",2000,0.8,0.9,"treatment",24,0.788499732640746,0.941937937345763,0.206099547012133,0.803703703703704,0.779583333333333,0.787965014131846,0.923003033813331,0.230312390972151,0.803703703703704,0.779583333333333,1,1,7.6355,0.803,1400,600,0,-0.000534718508899301
"C4_N2k_g08_09",2000,0.8,0.9,"outcome",25,0.763334827431645,0.925274178413987,0.181729223375887,0.787037037037037,0.76125,0.763639623487225,0.907600075304173,0.206133259917353,0.787037037037037,0.760833333333333,1,1,7.5115,0.796,1400,600,1,0.000304796055580425
"C4_N2k_g08_09",2000,0.8,0.9,"treatment",26,0.813862520458265,1.07687601121706,-0.106562171882065,0.759259259259259,0.7275,0.816628477905074,1.08948349683502,-0.124437470430793,0.759259259259259,0.7275,1,1,7.4835,0.798,1400,600,1,0.00276595744680852
"C4_N2k_g08_09",2000,0.8,0.9,"outcome",27,0.776722319717924,0.832422239129944,0.0387593728987785,0.753703703703704,0.722916666666667,0.773856482748627,0.802241139136973,0.0675759018880657,0.753703703703704,0.72125,1,1,7.3415,0.787,1400,600,0,-0.00286583696929699
"C4_N2k_g08_09",2000,0.8,0.9,"treatment",28,0.771781477663831,1.0134145169935,0.107122262064254,0.77962962962963,0.7525,0.769964534670417,0.938037939277519,0.182688747112752,0.77962962962963,0.752916666666667,1,1,7.454,0.793,1400,600,0,-0.00181694299341362
"C4_N2k_g08_09",2000,0.8,0.9,"outcome",29,0.768479215456675,0.929650319470513,0.0627101847530973,0.792592592592593,0.766666666666667,0.765259074941452,0.918020718427246,0.0744718270032847,0.792592592592593,0.766666666666667,1,1,7.6905,0.8065,1400,600,0,-0.00322014051522257
"C4_N2k_g08_09",2000,0.8,0.9,"treatment",30,0.81053848410083,0.93031395407905,0.00893910982413085,0.776111111111111,0.74875,0.809417001673597,0.920796364803402,0.0100316190526259,0.776111111111111,0.74875,1,1,7.697,0.8,1400,600,0,-0.00112148242723298
