P_U,RR_UD,p1,p0,B,Rstar,RR_true_options,n_per_cell,false_robust_target,power_fragile_target,note
0.1,1.5,0.1,0.05,1.024,1.001,1.0 (null) vs 1.5 (alternative),2000,<5% at calibrated R* (RR_true=1 declared robust),calibrates threshold conservativeness,P(U)=0.1 AYUSH background 0.10 (conservative) -> B=1.024 R*=1.001
0.1,2.0,0.1,0.05,1.048,1.002,1.0 (null) vs 1.5 (alternative),2000,<5% at calibrated R* (RR_true=1 declared robust),calibrates threshold conservativeness,P(U)=0.1 AYUSH background 0.10 (conservative) -> B=1.048 R*=1.002
0.1,3.0,0.1,0.05,1.091,1.007,1.0 (null) vs 1.5 (alternative),2000,<5% at calibrated R* (RR_true=1 declared robust),calibrates threshold conservativeness,P(U)=0.1 AYUSH background 0.10 (conservative) -> B=1.091 R*=1.007
0.44,1.5,0.44,0.1,1.162,1.02,1.0 (null) vs 1.5 (alternative),2000,<5% at calibrated R* (RR_true=1 declared robust),calibrates threshold conservativeness,P(U)=0.44 AYUSH background 0.10 (conservative) -> B=1.162 R*=1.020
0.44,2.0,0.44,0.1,1.309,1.059,1.0 (null) vs 1.5 (alternative),2000,<5% at calibrated R* (RR_true=1 declared robust),calibrates threshold conservativeness,P(U)=0.44 AYUSH background 0.10 (conservative) -> B=1.309 R*=1.059
0.44,3.0,0.44,0.1,1.567,1.151,1.0 (null) vs 1.5 (alternative),2000,<5% at calibrated R* (RR_true=1 declared robust),calibrates threshold conservativeness,P(U)=0.44 AYUSH background 0.10 (conservative) -> B=1.567 R*=1.151
0.96,1.5,0.96,0.1,1.41,1.092,1.0 (null) vs 1.5 (alternative),2000,<5% at calibrated R* (RR_true=1 declared robust),calibrates threshold conservativeness,P(U)=0.96 AYUSH background 0.10 (conservative) -> B=1.410 R*=1.092
0.96,2.0,0.96,0.1,1.782,1.238,1.0 (null) vs 1.5 (alternative),2000,<5% at calibrated R* (RR_true=1 declared robust),calibrates threshold conservativeness,P(U)=0.96 AYUSH background 0.10 (conservative) -> B=1.782 R*=1.238
0.96,3.0,0.96,0.1,2.433,1.531,1.0 (null) vs 1.5 (alternative),2000,<5% at calibrated R* (RR_true=1 declared robust),calibrates threshold conservativeness,P(U)=0.96 AYUSH background 0.10 (conservative) -> B=2.433 R*=1.531
