dimension,parameter,G0_MIMIC_ref_no_shift,G1_Mild_lean_urban_India,G2_Moderate_national_avg_MAIN,G3_Severe_rural_Tripura,anchor_justification,verified,source_pmid_anchor
BMI (mean),"Mean BMI, kg/m2",28.3,26.0,24.5,22.8,MIMIC-IV mean ~28-29; ICMR-INDIAB gen obesity 28.6% -> thin-fat phenotype 10.25259/IJMR_328_2025,OK,MIMIC-IV v3.0/PhysioNet; ICMR-INDIAB IJMR_328_2025
MONO prevalence,"BMI<25 ∩ ≥2/5 risks, %",0,18,43.3,56.7,"Mohan IJMR 2025 PMC12550443 (national 43.3%, Tripura 56.7%)",OK,Mohan IJMR 2025 PMC12550443
Age at event,"Median CVD/T2D onset, y",62,58,52,48,CARRS IJE 10.1093/ije/dyac122; MDRF Young Diabetes Registry (5-10y earlier),OK,CARRS IJE dyac122; MDRF Young Diabetes
HbA1c measurement,% eligible with HbA1c observed,78,55,30,15,MIMIC ~78% protocol; ICMR-INDIAB every-5th 20% -> real-world lower; Kaur/Khanna tables,OK,MIMIC ~78%; ICMR-INDIAB every-5th 20%; Kaur/Khanna
Selective observation,P(test | asymptomatic),0.78,0.45,0.20,0.20,Cost/availability gating; diagnosis 91.5% missing ED; vs P(test|sympt)=0.80 gating (severe),OK,Cost gating; Kaur diagnosis 8.5% missing
Generic prescribing,Generic %,100,85,64.9,4.7,"Kaur Table2 64.9% (ED), Khanna Table2 4.7% (Medicine OPD) — 60-point spread",OK,Kaur PMC13312064 Table2 64.9%; Khanna PMC12813935 Table2 4.7%
AYUSH concomitant,"Ever herbo-mineral, %",0,10,44,96,Galib AYU 10.4103/ayu.ayu_81_20 95.9%/44%; NSS 10-40% national,OK,Galib AYU ayu_81_20 95.9%/44%; NSS
Documentation,"Diagnosis recorded, %",100,70,29,8.5,"Kaur Table3 8.5% (ED), Khanna 70->29% (Medicine)",OK,Kaur Table3 8.5%; Khanna 29%
Polypharmacy,Drugs per prescription,1.8-2.0,2.65,4.5,6.8,"Kaur 2.65±1.59, Khanna 6.8±1.7; 71% >=3 drugs",OK,Kaur 2.65±1.59; Khanna 6.8±1.7
