pmid,title,journal,year,overall_calib_reported,overall_calib_slope_CI_reported,overall_calib_plot_band,subgroup_calib_reported_any,subgroup_stratifiers,subgroup_interval_aware,subgroup_point_only,subgroup_slope_CI_per_stratifier,masking_overall_pass_subgroup_fail,masking_definition,triPod_AI_era,PROBAST_overall,extraction_reviewer,dual_overlap_flag,adjudication_note,rayyan_label,Wilson_p_interval_aware_stub,notes
40418571,Supervised Machine Learning Models for Predicting Sepsis-Associated Liver Injury in Patients With Sepsis: Development and Validation Study Based on a Multicenter Cohort Study.,Journal of medical Internet research,2025,1,1,1,1,sex,0,1,sex:CI=no,1,overall slope 0.8-1.2 + intercept +/-0.3 + ICI<0.05 pass; subgroup fail slope<0.8 or >1.2 or ICI>=0.10 (band-considered per Riley),2024-2025,high,R1,0,,include,,full n=60 v2 — n=40→60 extension synthetic pilot-extended + 20 NEW PMIDs via E-utilities; interval-aware per Riley 10.1136/bmj-2024-080749; TRIPOD+AI 10.1136/bmj-2023-078378 era split
40241963,Artificial intelligence in hospital infection prevention: an integrative review.,Frontiers in public health,2025,1,0,0,1,site;sex,1,0,site;sex:CI=yes,0,overall slope 0.8-1.2 + intercept +/-0.3 + ICI<0.05 pass; subgroup fail slope<0.8 or >1.2 or ICI>=0.10 (band-considered per Riley),2024-2025,high,R1,0,,include,,full n=60 v2 — n=40→60 extension synthetic pilot-extended + 20 NEW PMIDs via E-utilities; interval-aware per Riley 10.1136/bmj-2024-080749; TRIPOD+AI 10.1136/bmj-2023-078378 era split
38000872,Machine learning and deep learning predictive models for long-term prognosis in patients with chronic obstructive pulmonary disease: a systematic review and meta-analysis.,The Lancet. Digital health,2023,0,0,0,1,race_ethnicity,1,0,race_ethnicity:CI=yes,0,overall slope 0.8-1.2 + intercept +/-0.3 + ICI<0.05 pass; subgroup fail slope<0.8 or >1.2 or ICI>=0.10 (band-considered per Riley),pre-2024,low,adjudicated,1,agree,include,,full n=60 v2 — n=40→60 extension synthetic pilot-extended + 20 NEW PMIDs via E-utilities; interval-aware per Riley 10.1136/bmj-2024-080749; TRIPOD+AI 10.1136/bmj-2023-078378 era split
41082207,Derivation and Validation of Predictive Models for Early Pediatric Sepsis.,JAMA pediatrics,2025,1,1,1,0,,0,0,,0,overall slope 0.8-1.2 + intercept +/-0.3 + ICI<0.05 pass; subgroup fail slope<0.8 or >1.2 or ICI>=0.10 (band-considered per Riley),2024-2025,high,adjudicated,1,agree,include,,full n=60 v2 — n=40→60 extension synthetic pilot-extended + 20 NEW PMIDs via E-utilities; interval-aware per Riley 10.1136/bmj-2024-080749; TRIPOD+AI 10.1136/bmj-2023-078378 era split
39939885,Prediction models for treatment response in migraine: a systematic review and meta-analysis.,The journal of headache and pain,2025,1,0,0,1,race_ethnicity;comorbidity,0,1,race_ethnicity;comorbidity:CI=no,0,overall slope 0.8-1.2 + intercept +/-0.3 + ICI<0.05 pass; subgroup fail slope<0.8 or >1.2 or ICI>=0.10 (band-considered per Riley),2024-2025,high,R1,0,,include,,full n=60 v2 — n=40→60 extension synthetic pilot-extended + 20 NEW PMIDs via E-utilities; interval-aware per Riley 10.1136/bmj-2024-080749; TRIPOD+AI 10.1136/bmj-2023-078378 era split
40318314,Risk prediction model for chemotherapy-induced nausea and vomiting in cancer patients: a systematic review.,International journal of nursing studies,2025,0,0,0,0,,0,0,,0,overall slope 0.8-1.2 + intercept +/-0.3 + ICI<0.05 pass; subgroup fail slope<0.8 or >1.2 or ICI>=0.10 (band-considered per Riley),2024-2025,high,R1,0,,exclude,,full n=60 v2 — n=40→60 extension synthetic pilot-extended + 20 NEW PMIDs via E-utilities; interval-aware per Riley 10.1136/bmj-2024-080749; TRIPOD+AI 10.1136/bmj-2023-078378 era split
40626581,Development and Validation of a Nomogram for Predicting Oral Frailty Risk in Elderly Patients With Ischaemic Stroke.,Journal of clinical nursing,2026,1,1,1,1,site;race_ethnicity,1,0,site;race_ethnicity:CI=yes,0,overall slope 0.8-1.2 + intercept +/-0.3 + ICI<0.05 pass; subgroup fail slope<0.8 or >1.2 or ICI>=0.10 (band-considered per Riley),2024-2025,low,adjudicated,1,"R1=0 R2=1 -> adjudicated 1 (plot band ambiguous, Riley band counted per protocol)",include,,full n=60 v2 — n=40→60 extension synthetic pilot-extended + 20 NEW PMIDs via E-utilities; interval-aware per Riley 10.1136/bmj-2024-080749; TRIPOD+AI 10.1136/bmj-2023-078378 era split
40065741,Applying machine learning to predict bowel preparation adequacy in elderly patients for colonoscopy: development and validation of a web-based prediction tool.,Annals of medicine,2025,1,0,0,1,deprivation,1,0,deprivation:CI=yes,0,overall slope 0.8-1.2 + intercept +/-0.3 + ICI<0.05 pass; subgroup fail slope<0.8 or >1.2 or ICI>=0.10 (band-considered per Riley),2024-2025,low,R1,0,,include,,full n=60 v2 — n=40→60 extension synthetic pilot-extended + 20 NEW PMIDs via E-utilities; interval-aware per Riley 10.1136/bmj-2024-080749; TRIPOD+AI 10.1136/bmj-2023-078378 era split
38596087,Development and validation of nomograms for predicting prognosis in patients with solitary HCC: A TRIPOD-Compliant study.,Heliyon,2024,0,0,0,1,comorbidity,1,0,comorbidity:CI=yes,0,overall slope 0.8-1.2 + intercept +/-0.3 + ICI<0.05 pass; subgroup fail slope<0.8 or >1.2 or ICI>=0.10 (band-considered per Riley),2024-2025,low,adjudicated,1,agree,include,,full n=60 v2 — n=40→60 extension synthetic pilot-extended + 20 NEW PMIDs via E-utilities; interval-aware per Riley 10.1136/bmj-2024-080749; TRIPOD+AI 10.1136/bmj-2023-078378 era split
39097246,Artificial Intelligence and Machine Learning in Cancer Pain: A Systematic Review.,Journal of pain and symptom management,2024,1,1,1,0,,0,0,,0,overall slope 0.8-1.2 + intercept +/-0.3 + ICI<0.05 pass; subgroup fail slope<0.8 or >1.2 or ICI>=0.10 (band-considered per Riley),2024-2025,low,adjudicated,1,agree,include,,full n=60 v2 — n=40→60 extension synthetic pilot-extended + 20 NEW PMIDs via E-utilities; interval-aware per Riley 10.1136/bmj-2024-080749; TRIPOD+AI 10.1136/bmj-2023-078378 era split
32479165,Transparent Reporting of Multivariable Prediction Models in Journal and Conference Abstracts: TRIPOD for Abstracts.,Annals of internal medicine,2020,1,0,0,0,,1,0,,0,overall slope 0.8-1.2 + intercept +/-0.3 + ICI<0.05 pass; subgroup fail slope<0.8 or >1.2 or ICI>=0.10 (band-considered per Riley),pre-2024,low,adjudicated,1,agree,include,,full n=60 v2 — n=40→60 extension synthetic pilot-extended + 20 NEW PMIDs via E-utilities; interval-aware per Riley 10.1136/bmj-2024-080749; TRIPOD+AI 10.1136/bmj-2023-078378 era split
38783054,Individualized prediction models in ADHD: a systematic review and meta-regression.,Molecular psychiatry,2024,0,0,0,0,,0,0,,0,overall slope 0.8-1.2 + intercept +/-0.3 + ICI<0.05 pass; subgroup fail slope<0.8 or >1.2 or ICI>=0.10 (band-considered per Riley),2024-2025,high,adjudicated,1,agree,exclude,,full n=60 v2 — n=40→60 extension synthetic pilot-extended + 20 NEW PMIDs via E-utilities; interval-aware per Riley 10.1136/bmj-2024-080749; TRIPOD+AI 10.1136/bmj-2023-078378 era split
41473241,Development and external validation of machine-learning based models to predict diabetic foot ulcer in diabetes population.,Frontiers in endocrinology,2025,1,1,1,1,PROGRESS_other;race_ethnicity,0,1,PROGRESS_other;race_ethnicity:CI=no,0,overall slope 0.8-1.2 + intercept +/-0.3 + ICI<0.05 pass; subgroup fail slope<0.8 or >1.2 or ICI>=0.10 (band-considered per Riley),2024-2025,high,R1,0,,include,,full n=60 v2 — n=40→60 extension synthetic pilot-extended + 20 NEW PMIDs via E-utilities; interval-aware per Riley 10.1136/bmj-2024-080749; TRIPOD+AI 10.1136/bmj-2023-078378 era split
40620096,A practical guide for nephrologist peer reviewers: evaluating artificial intelligence and machine learning research in nephrology.,Renal failure,2025,1,0,0,0,,0,0,,0,overall slope 0.8-1.2 + intercept +/-0.3 + ICI<0.05 pass; subgroup fail slope<0.8 or >1.2 or ICI>=0.10 (band-considered per Riley),2024-2025,high,R1,0,,include,,full n=60 v2 — n=40→60 extension synthetic pilot-extended + 20 NEW PMIDs via E-utilities; interval-aware per Riley 10.1136/bmj-2024-080749; TRIPOD+AI 10.1136/bmj-2023-078378 era split
36750236,Transparent reporting of multivariable prediction models developed or validated using clustered data (TRIPOD-Cluster): explanation and elaboration.,BMJ (Clinical research ed.),2023,0,0,0,0,,1,0,,0,overall slope 0.8-1.2 + intercept +/-0.3 + ICI<0.05 pass; subgroup fail slope<0.8 or >1.2 or ICI>=0.10 (band-considered per Riley),pre-2024,high,adjudicated,1,agree,exclude,,full n=60 v2 — n=40→60 extension synthetic pilot-extended + 20 NEW PMIDs via E-utilities; interval-aware per Riley 10.1136/bmj-2024-080749; TRIPOD+AI 10.1136/bmj-2023-078378 era split
38226447,Systematic review of machine-learning models in orthopaedic trauma.,Bone & joint open,2024,1,1,1,0,,0,0,,0,overall slope 0.8-1.2 + intercept +/-0.3 + ICI<0.05 pass; subgroup fail slope<0.8 or >1.2 or ICI>=0.10 (band-considered per Riley),2024-2025,high,R1,0,,include,,full n=60 v2 — n=40→60 extension synthetic pilot-extended + 20 NEW PMIDs via E-utilities; interval-aware per Riley 10.1136/bmj-2024-080749; TRIPOD+AI 10.1136/bmj-2023-078378 era split
40964606,Development of an optimized risk evaluation system for cardiovascular-kidney-metabolic syndrome-associated coronary heart disease based on tabular prior-data fitted network.,Digital health,2025,1,0,0,1,deprivation,1,1,deprivation:CI=yes,0,overall slope 0.8-1.2 + intercept +/-0.3 + ICI<0.05 pass; subgroup fail slope<0.8 or >1.2 or ICI>=0.10 (band-considered per Riley),2024-2025,high,adjudicated,1,"R1=0 R2=1 -> adjudicated 1 (plot band ambiguous, Riley band counted per protocol)",include,,full n=60 v2 — n=40→60 extension synthetic pilot-extended + 20 NEW PMIDs via E-utilities; interval-aware per Riley 10.1136/bmj-2024-080749; TRIPOD+AI 10.1136/bmj-2023-078378 era split
32552702,Early warning score validation methodologies and performance metrics: a systematic review.,BMC medical informatics and decision making,2020,0,0,0,0,,0,0,,0,overall slope 0.8-1.2 + intercept +/-0.3 + ICI<0.05 pass; subgroup fail slope<0.8 or >1.2 or ICI>=0.10 (band-considered per Riley),pre-2024,high,R1,0,,exclude,,full n=60 v2 — n=40→60 extension synthetic pilot-extended + 20 NEW PMIDs via E-utilities; interval-aware per Riley 10.1136/bmj-2024-080749; TRIPOD+AI 10.1136/bmj-2023-078378 era split
32278089,Development and validation of early warning score system: A systematic literature review.,Journal of biomedical informatics,2020,1,1,1,0,,0,0,,0,overall slope 0.8-1.2 + intercept +/-0.3 + ICI<0.05 pass; subgroup fail slope<0.8 or >1.2 or ICI>=0.10 (band-considered per Riley),pre-2024,high,adjudicated,1,agree,include,,full n=60 v2 — n=40→60 extension synthetic pilot-extended + 20 NEW PMIDs via E-utilities; interval-aware per Riley 10.1136/bmj-2024-080749; TRIPOD+AI 10.1136/bmj-2023-078378 era split
40059970,Evaluation of prognostic scores in patients with HCC undergoing first-line immunotherapy with atezolizumab and bevacizumab.,JHEP reports : innovation in hepatology,2025,1,0,0,0,,0,0,,0,overall slope 0.8-1.2 + intercept +/-0.3 + ICI<0.05 pass; subgroup fail slope<0.8 or >1.2 or ICI>=0.10 (band-considered per Riley),2024-2025,high,R1,0,,include,,full n=60 v2 — n=40→60 extension synthetic pilot-extended + 20 NEW PMIDs via E-utilities; interval-aware per Riley 10.1136/bmj-2024-080749; TRIPOD+AI 10.1136/bmj-2023-078378 era split
40604360,Artificial intelligence in surgery research: Successfully implementing AI clinical decision support models.,The journal of trauma and acute care surgery,2025,0,0,0,1,sex,0,1,sex:CI=no,0,overall slope 0.8-1.2 + intercept +/-0.3 + ICI<0.05 pass; subgroup fail slope<0.8 or >1.2 or ICI>=0.10 (band-considered per Riley),2024-2025,high,R1,0,,include,,full n=60 v2 — n=40→60 extension synthetic pilot-extended + 20 NEW PMIDs via E-utilities; interval-aware per Riley 10.1136/bmj-2024-080749; TRIPOD+AI 10.1136/bmj-2023-078378 era split
40536772,An Individualized Prediction Model for Early-Stage Classic Hodgkin's Lymphoma.,NEJM evidence,2025,1,0,0,0,,0,0,,0,overall slope 0.8-1.2 + intercept +/-0.3 + ICI<0.05 pass; subgroup fail slope<0.8 or >1.2 or ICI>=0.10 (band-considered per Riley),2024-2025,unclear,adjudicated,1,agree,include,,full n=60 v2 — n=40→60 extension synthetic pilot-extended + 20 NEW PMIDs via E-utilities; interval-aware per Riley 10.1136/bmj-2024-080749; TRIPOD+AI 10.1136/bmj-2023-078378 era split
41047269,Development and validation of diagnostic and prognostic prediction tools for dental caries in young children through prospective and cross-sectional observational studies: a protocol.,BMJ open,2025,1,0,0,0,,0,0,,0,overall slope 0.8-1.2 + intercept +/-0.3 + ICI<0.05 pass; subgroup fail slope<0.8 or >1.2 or ICI>=0.10 (band-considered per Riley),2024-2025,high,R1,0,,include,,full n=60 v2 — n=40→60 extension synthetic pilot-extended + 20 NEW PMIDs via E-utilities; interval-aware per Riley 10.1136/bmj-2024-080749; TRIPOD+AI 10.1136/bmj-2023-078378 era split
34757383,Systematic review of prediction models for postacute care destination decision-making.,Journal of the American Medical Informatics Association : JAMIA,2021,0,0,0,0,,0,0,,0,overall slope 0.8-1.2 + intercept +/-0.3 + ICI<0.05 pass; subgroup fail slope<0.8 or >1.2 or ICI>=0.10 (band-considered per Riley),pre-2024,high,R1,0,,exclude,,full n=60 v2 — n=40→60 extension synthetic pilot-extended + 20 NEW PMIDs via E-utilities; interval-aware per Riley 10.1136/bmj-2024-080749; TRIPOD+AI 10.1136/bmj-2023-078378 era split
40805252,Application of Artificial Intelligence in Pancreatic Cyst Management: A Systematic Review.,Cancers,2025,1,1,1,0,,0,0,,0,overall slope 0.8-1.2 + intercept +/-0.3 + ICI<0.05 pass; subgroup fail slope<0.8 or >1.2 or ICI>=0.10 (band-considered per Riley),2024-2025,low,R1,0,,include,,full n=60 v2 — n=40→60 extension synthetic pilot-extended + 20 NEW PMIDs via E-utilities; interval-aware per Riley 10.1136/bmj-2024-080749; TRIPOD+AI 10.1136/bmj-2023-078378 era split
41175546,Systematic review of a machine learning model for prediction of venous thromboembolism risk.,Thrombosis research,2025,1,0,0,1,PROGRESS_other;race_ethnicity,1,0,PROGRESS_other;race_ethnicity:CI=yes,0,overall slope 0.8-1.2 + intercept +/-0.3 + ICI<0.05 pass; subgroup fail slope<0.8 or >1.2 or ICI>=0.10 (band-considered per Riley),2024-2025,high,adjudicated,1,agree,include,,full n=60 v2 — n=40→60 extension synthetic pilot-extended + 20 NEW PMIDs via E-utilities; interval-aware per Riley 10.1136/bmj-2024-080749; TRIPOD+AI 10.1136/bmj-2023-078378 era split
37285695,Artificial intelligence; big data and heart transplantation: Actualities.,International journal of medical informatics,2023,0,0,0,0,,1,0,,0,overall slope 0.8-1.2 + intercept +/-0.3 + ICI<0.05 pass; subgroup fail slope<0.8 or >1.2 or ICI>=0.10 (band-considered per Riley),pre-2024,low,adjudicated,1,agree,exclude,,full n=60 v2 — n=40→60 extension synthetic pilot-extended + 20 NEW PMIDs via E-utilities; interval-aware per Riley 10.1136/bmj-2024-080749; TRIPOD+AI 10.1136/bmj-2023-078378 era split
32448593,Evaluating the quality of reporting of melanoma prediction models.,Surgery,2020,1,0,0,0,,0,0,,0,overall slope 0.8-1.2 + intercept +/-0.3 + ICI<0.05 pass; subgroup fail slope<0.8 or >1.2 or ICI>=0.10 (band-considered per Riley),pre-2024,high,R1,0,,include,,full n=60 v2 — n=40→60 extension synthetic pilot-extended + 20 NEW PMIDs via E-utilities; interval-aware per Riley 10.1136/bmj-2024-080749; TRIPOD+AI 10.1136/bmj-2023-078378 era split
40953036,Risk prediction model for post-endoscopic retrograde cholangiopancreatography pancreatitis: A systematic review and meta-analysis.,PloS one,2025,1,1,1,1,PROGRESS_other,1,0,PROGRESS_other:CI=yes,0,overall slope 0.8-1.2 + intercept +/-0.3 + ICI<0.05 pass; subgroup fail slope<0.8 or >1.2 or ICI>=0.10 (band-considered per Riley),2024-2025,high,R1,0,,include,,full n=60 v2 — n=40→60 extension synthetic pilot-extended + 20 NEW PMIDs via E-utilities; interval-aware per Riley 10.1136/bmj-2024-080749; TRIPOD+AI 10.1136/bmj-2023-078378 era split
42667902,Data-centric; robust; and explainable multimodal deep learning for clinical decision support: A systematic review.,International journal of medical informatics,2026,0,0,0,0,,0,0,,0,overall slope 0.8-1.2 + intercept +/-0.3 + ICI<0.05 pass; subgroup fail slope<0.8 or >1.2 or ICI>=0.10 (band-considered per Riley),2024-2025,high,R1,0,,exclude,,full n=60 v2 — n=40→60 extension synthetic pilot-extended + 20 NEW PMIDs via E-utilities; interval-aware per Riley 10.1136/bmj-2024-080749; TRIPOD+AI 10.1136/bmj-2023-078378 era split
41561680,Development and validation of predictive models for 6-month gastrostomy timing in amyotrophic lateral sclerosis.,BMJ neurology open,2026,1,0,0,1,site;race_ethnicity,0,1,site;race_ethnicity:CI=no,0,overall slope 0.8-1.2 + intercept +/-0.3 + ICI<0.05 pass; subgroup fail slope<0.8 or >1.2 or ICI>=0.10 (band-considered per Riley),2024-2025,low,R1,0,,include,,full n=60 v2 — n=40→60 extension synthetic pilot-extended + 20 NEW PMIDs via E-utilities; interval-aware per Riley 10.1136/bmj-2024-080749; TRIPOD+AI 10.1136/bmj-2023-078378 era split
40623883,Development and retrospective validation of an artificial intelligence system for diagnostic assessment of prostate biopsies: study protocol.,BMJ open,2025,1,0,0,0,,0,0,,0,overall slope 0.8-1.2 + intercept +/-0.3 + ICI<0.05 pass; subgroup fail slope<0.8 or >1.2 or ICI>=0.10 (band-considered per Riley),2024-2025,low,R1,0,,include,,full n=60 v2 — n=40→60 extension synthetic pilot-extended + 20 NEW PMIDs via E-utilities; interval-aware per Riley 10.1136/bmj-2024-080749; TRIPOD+AI 10.1136/bmj-2023-078378 era split
41939888,Development and validation of a diagnostic nomogram integrating anatomical scores and systemic immune-inflammatory biomarkers for,Frontiers in immunology,2026,0,0,0,0,,0,0,,0,overall slope 0.8-1.2 + intercept +/-0.3 + ICI<0.05 pass; subgroup fail slope<0.8 or >1.2 or ICI>=0.10 (band-considered per Riley),2024-2025,high,R1,0,,exclude,,full n=60 v2 — n=40→60 extension synthetic pilot-extended + 20 NEW PMIDs via E-utilities; interval-aware per Riley 10.1136/bmj-2024-080749; TRIPOD+AI 10.1136/bmj-2023-078378 era split
40829629,Machine Learning in Venous Thromboembolism-Why and What Next?,Seminars in thrombosis and hemostasis,2026,1,0,0,1,PROGRESS_other;race_ethnicity,0,0,PROGRESS_other;race_ethnicity:CI=no,0,overall slope 0.8-1.2 + intercept +/-0.3 + ICI<0.05 pass; subgroup fail slope<0.8 or >1.2 or ICI>=0.10 (band-considered per Riley),2024-2025,low,adjudicated,1,agree,include,,full n=60 v2 — n=40→60 extension synthetic pilot-extended + 20 NEW PMIDs via E-utilities; interval-aware per Riley 10.1136/bmj-2024-080749; TRIPOD+AI 10.1136/bmj-2023-078378 era split
34981135,Quality assessment of radiomics research in cardiac CT: a systematic review.,European radiology,2022,1,0,0,0,,0,0,,0,overall slope 0.8-1.2 + intercept +/-0.3 + ICI<0.05 pass; subgroup fail slope<0.8 or >1.2 or ICI>=0.10 (band-considered per Riley),pre-2024,low,R1,0,,include,,full n=60 v2 — n=40→60 extension synthetic pilot-extended + 20 NEW PMIDs via E-utilities; interval-aware per Riley 10.1136/bmj-2024-080749; TRIPOD+AI 10.1136/bmj-2023-078378 era split
32680829,Risk Prediction Models for Kidney Cancer: A Systematic Review.,European urology focus,2021,0,0,0,1,age_decile,0,1,age_decile:CI=no,0,overall slope 0.8-1.2 + intercept +/-0.3 + ICI<0.05 pass; subgroup fail slope<0.8 or >1.2 or ICI>=0.10 (band-considered per Riley),pre-2024,low,R1,0,,include,,full n=60 v2 — n=40→60 extension synthetic pilot-extended + 20 NEW PMIDs via E-utilities; interval-aware per Riley 10.1136/bmj-2024-080749; TRIPOD+AI 10.1136/bmj-2023-078378 era split
32600262,A conceptual framework for prognostic research.,BMC medical research methodology,2020,1,1,1,0,,0,0,,0,overall slope 0.8-1.2 + intercept +/-0.3 + ICI<0.05 pass; subgroup fail slope<0.8 or >1.2 or ICI>=0.10 (band-considered per Riley),pre-2024,high,R1,0,,include,,full n=60 v2 — n=40→60 extension synthetic pilot-extended + 20 NEW PMIDs via E-utilities; interval-aware per Riley 10.1136/bmj-2024-080749; TRIPOD+AI 10.1136/bmj-2023-078378 era split
40589901,Development and validation of a diagnostic prediction model for heart failure-related pleural effusions: the BANCA score.,ERJ open research,2025,1,0,0,1,age_decile,1,0,age_decile:CI=yes,0,overall slope 0.8-1.2 + intercept +/-0.3 + ICI<0.05 pass; subgroup fail slope<0.8 or >1.2 or ICI>=0.10 (band-considered per Riley),2024-2025,high,R1,0,,include,,full n=60 v2 — n=40→60 extension synthetic pilot-extended + 20 NEW PMIDs via E-utilities; interval-aware per Riley 10.1136/bmj-2024-080749; TRIPOD+AI 10.1136/bmj-2023-078378 era split
38736145,Development and validation of a nomogram for predicting high-burnout risk in nurses.,Journal of clinical nursing,2025,0,0,0,0,,0,0,,0,overall slope 0.8-1.2 + intercept +/-0.3 + ICI<0.05 pass; subgroup fail slope<0.8 or >1.2 or ICI>=0.10 (band-considered per Riley),2024-2025,high,R1,0,,exclude,,full n=60 v2 — n=40→60 extension synthetic pilot-extended + 20 NEW PMIDs via E-utilities; interval-aware per Riley 10.1136/bmj-2024-080749; TRIPOD+AI 10.1136/bmj-2023-078378 era split
41258421,Construction and validation of a risk prediction model for complications in patients with acute leukemia based on machine learning.,Scientific reports,2025,1,0,0,0,,0,0,,0,overall slope 0.8-1.2 + intercept +/-0.3 + ICI<0.05 pass; subgroup fail slope<0.8 or >1.2 or ICI>=0.10 (band-considered per Riley),2024-2025,high,R1,0,,include,,full n=60 v2 — n=40→60 extension synthetic pilot-extended + 20 NEW PMIDs via E-utilities; interval-aware per Riley 10.1136/bmj-2024-080749; TRIPOD+AI 10.1136/bmj-2023-078378 era split
37208863,Implementation frameworks for end-to-end clinical AI: derivation of the SALIENT framework.,Journal of the American Medical Informatics Association : JAMIA,2023,1,1,1,1,sex,1,0,sex:CI=yes,0,overall slope 0.8-1.2 + intercept +/-0.3 + ICI<0.05 pass; subgroup fail slope<0.8 or >1.2 or ICI>=0.10 (band-considered per Riley),pre-2024,high,adjudicated,1,"R1=0 R2=1 -> adjudicated 1 (plot band ambiguous, Riley band counted per protocol)",include,,full n=60 v2 — n=40→60 extension synthetic pilot-extended + 20 NEW PMIDs via E-utilities; interval-aware per Riley 10.1136/bmj-2024-080749; TRIPOD+AI 10.1136/bmj-2023-078378 era split
40830779,Development and validation of a decision tree model for prediction of insomnia risk among ischemic stroke convalescence patients.,BMC public health,2025,0,0,0,0,,0,0,,0,overall slope 0.8-1.2 + intercept +/-0.3 + ICI<0.05 pass; subgroup fail slope<0.8 or >1.2 or ICI>=0.10 (band-considered per Riley),2024-2025,unclear,R1,0,,exclude,,full n=60 v2 — n=40→60 extension synthetic pilot-extended + 20 NEW PMIDs via E-utilities; interval-aware per Riley 10.1136/bmj-2024-080749; TRIPOD+AI 10.1136/bmj-2023-078378 era split
40938905,Integration of wearable devices and artificial intelligence in Alzheimer's disease: A scoping review protocol.,PloS one,2025,1,0,0,1,sex;deprivation,1,0,sex;deprivation:CI=yes,0,overall slope 0.8-1.2 + intercept +/-0.3 + ICI<0.05 pass; subgroup fail slope<0.8 or >1.2 or ICI>=0.10 (band-considered per Riley),2024-2025,high,R1,0,,include,,full n=60 v2 — n=40→60 extension synthetic pilot-extended + 20 NEW PMIDs via E-utilities; interval-aware per Riley 10.1136/bmj-2024-080749; TRIPOD+AI 10.1136/bmj-2023-078378 era split
39888094,Development and Validation of a Prediction Model for Enteral Feeding Intolerance in Critical Ill Patients: A Retrospective Cohort Study.,Journal of clinical nursing,2025,1,0,0,0,,0,0,,0,overall slope 0.8-1.2 + intercept +/-0.3 + ICI<0.05 pass; subgroup fail slope<0.8 or >1.2 or ICI>=0.10 (band-considered per Riley),2024-2025,low,R1,0,,include,,full n=60 v2 — n=40→60 extension synthetic pilot-extended + 20 NEW PMIDs via E-utilities; interval-aware per Riley 10.1136/bmj-2024-080749; TRIPOD+AI 10.1136/bmj-2023-078378 era split
36878154,Quality assessment of stroke radiomics studies: Promoting clinical application.,European journal of radiology,2023,0,0,0,1,PROGRESS_other,1,0,PROGRESS_other:CI=yes,0,overall slope 0.8-1.2 + intercept +/-0.3 + ICI<0.05 pass; subgroup fail slope<0.8 or >1.2 or ICI>=0.10 (band-considered per Riley),pre-2024,low,R1,0,,include,,full n=60 v2 — n=40→60 extension synthetic pilot-extended + 20 NEW PMIDs via E-utilities; interval-aware per Riley 10.1136/bmj-2024-080749; TRIPOD+AI 10.1136/bmj-2023-078378 era split
41085202,Performance of diabetes risk prediction models: a systematic review and meta-analysis.,Endocrine connections,2025,1,0,0,1,PROGRESS_other;comorbidity,0,1,PROGRESS_other;comorbidity:CI=no,0,overall slope 0.8-1.2 + intercept +/-0.3 + ICI<0.05 pass; subgroup fail slope<0.8 or >1.2 or ICI>=0.10 (band-considered per Riley),2024-2025,low,R1,0,,include,,full n=60 v2 — n=40→60 extension synthetic pilot-extended + 20 NEW PMIDs via E-utilities; interval-aware per Riley 10.1136/bmj-2024-080749; TRIPOD+AI 10.1136/bmj-2023-078378 era split
40725875,Risk prediction models for heart failure after myocardial infarction: A systematic review.,Medicine,2025,1,0,0,0,,0,0,,0,overall slope 0.8-1.2 + intercept +/-0.3 + ICI<0.05 pass; subgroup fail slope<0.8 or >1.2 or ICI>=0.10 (band-considered per Riley),2024-2025,high,R1,0,,include,,full n=60 v2 — n=40→60 extension synthetic pilot-extended + 20 NEW PMIDs via E-utilities; interval-aware per Riley 10.1136/bmj-2024-080749; TRIPOD+AI 10.1136/bmj-2023-078378 era split
34513751,Reporting and Performance of Hepatocellular Carcinoma Risk Prediction Models: Based on TRIPOD Statement and Meta-Analysis.,Canadian journal of gastroenterology & hepatology,2021,0,0,0,0,,0,0,,0,overall slope 0.8-1.2 + intercept +/-0.3 + ICI<0.05 pass; subgroup fail slope<0.8 or >1.2 or ICI>=0.10 (band-considered per Riley),pre-2024,high,R1,0,,exclude,,full n=60 v2 — n=40→60 extension synthetic pilot-extended + 20 NEW PMIDs via E-utilities; interval-aware per Riley 10.1136/bmj-2024-080749; TRIPOD+AI 10.1136/bmj-2023-078378 era split
35326526,Machine Learning Applications for Differentiation of Glioma from Brain Metastasis-A Systematic Review.,Cancers,2022,1,1,1,0,,0,0,,0,overall slope 0.8-1.2 + intercept +/-0.3 + ICI<0.05 pass; subgroup fail slope<0.8 or >1.2 or ICI>=0.10 (band-considered per Riley),pre-2024,high,R1,0,,include,,full n=60 v2 — n=40→60 extension synthetic pilot-extended + 20 NEW PMIDs via E-utilities; interval-aware per Riley 10.1136/bmj-2024-080749; TRIPOD+AI 10.1136/bmj-2023-078378 era split
35026997,Completeness of reporting of clinical prediction models developed using supervised machine learning: a systematic review.,BMC medical research methodology,2022,1,0,0,0,,0,0,,0,overall slope 0.8-1.2 + intercept +/-0.3 + ICI<0.05 pass; subgroup fail slope<0.8 or >1.2 or ICI>=0.10 (band-considered per Riley),pre-2024,unclear,R1,0,,include,,full n=60 v2 — n=40→60 extension synthetic pilot-extended + 20 NEW PMIDs via E-utilities; interval-aware per Riley 10.1136/bmj-2024-080749; TRIPOD+AI 10.1136/bmj-2023-078378 era split
36749371,Quality of radiomics for predicting microvascular invasion in hepatocellular carcinoma: a systematic review.,European radiology,2023,0,0,0,1,race_ethnicity;PROGRESS_other,0,1,race_ethnicity;PROGRESS_other:CI=no,0,overall slope 0.8-1.2 + intercept +/-0.3 + ICI<0.05 pass; subgroup fail slope<0.8 or >1.2 or ICI>=0.10 (band-considered per Riley),pre-2024,low,R1,0,,include,,full n=60 v2 — n=40→60 extension synthetic pilot-extended + 20 NEW PMIDs via E-utilities; interval-aware per Riley 10.1136/bmj-2024-080749; TRIPOD+AI 10.1136/bmj-2023-078378 era split
40891023,Development and Validation of a Machine Learning-Based Risk Prediction Model for Delirium in Older Inpatients: A Prospective Cohort Study.,Journal of advanced nursing,2026,1,0,0,1,comorbidity,1,0,comorbidity:CI=yes,0,overall slope 0.8-1.2 + intercept +/-0.3 + ICI<0.05 pass; subgroup fail slope<0.8 or >1.2 or ICI>=0.10 (band-considered per Riley),2024-2025,low,R1,0,,include,,full n=60 v2 — n=40→60 extension synthetic pilot-extended + 20 NEW PMIDs via E-utilities; interval-aware per Riley 10.1136/bmj-2024-080749; TRIPOD+AI 10.1136/bmj-2023-078378 era split
41858761,Development and internal-external validation of a risk prediction model for acute pain after HAIC for patients with liver cancer using logistic regression and XGBoost algorithm.,Asia-Pacific journal of oncology nursing,2026,1,1,1,0,,0,0,,0,overall slope 0.8-1.2 + intercept +/-0.3 + ICI<0.05 pass; subgroup fail slope<0.8 or >1.2 or ICI>=0.10 (band-considered per Riley),2024-2025,low,R1,0,,include,,full n=60 v2 — n=40→60 extension synthetic pilot-extended + 20 NEW PMIDs via E-utilities; interval-aware per Riley 10.1136/bmj-2024-080749; TRIPOD+AI 10.1136/bmj-2023-078378 era split
39010044,Development and validation of a model to predict ceiling of care in COVID-19 hospitalized patients.,BMC palliative care,2024,0,0,0,0,,0,0,,0,overall slope 0.8-1.2 + intercept +/-0.3 + ICI<0.05 pass; subgroup fail slope<0.8 or >1.2 or ICI>=0.10 (band-considered per Riley),2024-2025,low,R1,0,,exclude,,full n=60 v2 — n=40→60 extension synthetic pilot-extended + 20 NEW PMIDs via E-utilities; interval-aware per Riley 10.1136/bmj-2024-080749; TRIPOD+AI 10.1136/bmj-2023-078378 era split
39178283,Using machine learning methods to predict all-cause somatic hospitalizations in adults: A systematic review.,PloS one,2024,1,0,0,0,,0,0,,0,overall slope 0.8-1.2 + intercept +/-0.3 + ICI<0.05 pass; subgroup fail slope<0.8 or >1.2 or ICI>=0.10 (band-considered per Riley),2024-2025,high,R1,0,,include,,full n=60 v2 — n=40→60 extension synthetic pilot-extended + 20 NEW PMIDs via E-utilities; interval-aware per Riley 10.1136/bmj-2024-080749; TRIPOD+AI 10.1136/bmj-2023-078378 era split
36431165,Modeling Physiological Predictors of Running Velocity for Endurance Athletes.,Journal of clinical medicine,2022,1,0,0,1,PROGRESS_other,0,1,PROGRESS_other:CI=no,0,overall slope 0.8-1.2 + intercept +/-0.3 + ICI<0.05 pass; subgroup fail slope<0.8 or >1.2 or ICI>=0.10 (band-considered per Riley),pre-2024,low,R1,0,,include,,full n=60 v2 — n=40→60 extension synthetic pilot-extended + 20 NEW PMIDs via E-utilities; interval-aware per Riley 10.1136/bmj-2024-080749; TRIPOD+AI 10.1136/bmj-2023-078378 era split
26767405,Systematic review of risk prediction models for falls after stroke.,Journal of epidemiology and community health,2016,0,0,0,0,,0,0,,0,overall slope 0.8-1.2 + intercept +/-0.3 + ICI<0.05 pass; subgroup fail slope<0.8 or >1.2 or ICI>=0.10 (band-considered per Riley),pre-2024,high,R1,0,,exclude,,full n=60 v2 — n=40→60 extension synthetic pilot-extended + 20 NEW PMIDs via E-utilities; interval-aware per Riley 10.1136/bmj-2024-080749; TRIPOD+AI 10.1136/bmj-2023-078378 era split
35585563,Quality and transparency of reporting derivation and validation prognostic studies of recurrent stroke in patients with TIA and minor stroke: a systematic review.,Diagnostic and prognostic research,2022,1,0,0,0,,0,0,,0,overall slope 0.8-1.2 + intercept +/-0.3 + ICI<0.05 pass; subgroup fail slope<0.8 or >1.2 or ICI>=0.10 (band-considered per Riley),pre-2024,high,R1,0,,include,,full n=60 v2 — n=40→60 extension synthetic pilot-extended + 20 NEW PMIDs via E-utilities; interval-aware per Riley 10.1136/bmj-2024-080749; TRIPOD+AI 10.1136/bmj-2023-078378 era split
38726948,Systematic Review of Prognosis Models in Predicting Tooth Loss in Periodontitis.,Journal of dental research,2024,1,0,0,1,deprivation;age_decile,1,0,deprivation;age_decile:CI=yes,0,overall slope 0.8-1.2 + intercept +/-0.3 + ICI<0.05 pass; subgroup fail slope<0.8 or >1.2 or ICI>=0.10 (band-considered per Riley),2024-2025,high,R1,0,,include,,full n=60 v2 — n=40→60 extension synthetic pilot-extended + 20 NEW PMIDs via E-utilities; interval-aware per Riley 10.1136/bmj-2024-080749; TRIPOD+AI 10.1136/bmj-2023-078378 era split
40447991,Development with external validation of a prediction model for postoperative acute kidney injury following noncardiac surgery in elderly patients.,BMC geriatrics,2025,0,0,0,0,,0,0,,0,overall slope 0.8-1.2 + intercept +/-0.3 + ICI<0.05 pass; subgroup fail slope<0.8 or >1.2 or ICI>=0.10 (band-considered per Riley),2024-2025,high,R1,0,,exclude,,full n=60 v2 — n=40→60 extension synthetic pilot-extended + 20 NEW PMIDs via E-utilities; interval-aware per Riley 10.1136/bmj-2024-080749; TRIPOD+AI 10.1136/bmj-2023-078378 era split
