key,title,authors,journal,year,abstract,doi,url,pmid,notes
40418571,Supervised Machine Learning Models for Predicting Sepsis-Associated Liver Injury in Patients With Sepsis: Development and Validation Study Based on a Multicenter Cohort Study.,Lei Jingchao; Zhai Jia; Zhang Yao; Qi Jing; Sun Chuanzheng,Journal of medical Internet research,2025,"Sepsis-associated liver injury (SALI) is a severe complication of sepsis that contributes to increased mortality and morbidity. Early identification of SALI can improve patient outcomes; however, sepsis heterogeneity makes timely diagnosis challenging. Traditional diagnostic tools are often limited, and machine learning techniques offer promising solutions for predicting adverse outcomes in patients with sepsis.",10.2196/66733,https://pubmed.ncbi.nlm.nih.gov/40418571/,40418571,triPod_AI_era=2024-2025 | overall_calib=1 | subgroup_interval=0 | dual_overlap=0
40241963,Artificial intelligence in hospital infection prevention: an integrative review.,El Arab Rabie Adel; Almoosa Zainab; Alkhunaizi May; Abuadas Fuad H; Somerville Joel,Frontiers in public health,2025,"Hospital-acquired infections (HAIs) represent a persistent challenge in healthcare, contributing to substantial morbidity, mortality, and economic burden. Artificial intelligence (AI) offers promising potential for improving HAIs prevention through advanced predictive capabilities.",10.3389/fpubh.2025.1547450,https://pubmed.ncbi.nlm.nih.gov/40241963/,40241963,triPod_AI_era=2024-2025 | overall_calib=1 | subgroup_interval=1 | dual_overlap=0
38000872,Machine learning and deep learning predictive models for long-term prognosis in patients with chronic obstructive pulmonary disease: a systematic review and meta-analysis.,Smith Luke A; Oakden-Rayner Lauren; Bird Alix; Zeng Minyan; To Minh-Son; Mukherjee Sutapa,The Lancet. Digital health,2023,"Machine learning and deep learning models have been increasingly used to predict long-term disease progression in patients with chronic obstructive pulmonary disease (COPD). We aimed to summarise the performance of such prognostic models for COPD, compare their relative performances, and identify key research gaps.",10.1016/S2589-7500(23)00177-2,https://pubmed.ncbi.nlm.nih.gov/38000872/,38000872,triPod_AI_era=pre-2024 | overall_calib=0 | subgroup_interval=1 | dual_overlap=1
41082207,Derivation and Validation of Predictive Models for Early Pediatric Sepsis.,Alpern Elizabeth R; Scott Halden F; Balamuth Fran; Chamberlain James M; Depinet Holly; Bajaj Lalit,JAMA pediatrics,2025,"Sepsis is a leading cause of death in children. Early recognition and treatment improve outcomes, but predictive models have not to date improved early diagnosis.",10.1001/jamapediatrics.2025.3892,https://pubmed.ncbi.nlm.nih.gov/41082207/,41082207,triPod_AI_era=2024-2025 | overall_calib=1 | subgroup_interval=0 | dual_overlap=1
39939885,Prediction models for treatment response in migraine: a systematic review and meta-analysis.,Chen Qiuyi; Zhang Jiarun; Cao Baicheng; Hu Yihan; Kong Yazhuo; Li Bin,The journal of headache and pain,2025,"Migraine is a complex neurological disorder with significant clinical variability, posing challenges for effective management. Multiple treatments are available for migraine, but individual responses vary widely, making accurate prediction crucial for personalized care. This study aims to examine the use of statistical and machine learning models to predict treatment response in migraine patients.",10.1186/s10194-025-01972-x,https://pubmed.ncbi.nlm.nih.gov/39939885/,39939885,triPod_AI_era=2024-2025 | overall_calib=1 | subgroup_interval=0 | dual_overlap=0
40318314,Risk prediction model for chemotherapy-induced nausea and vomiting in cancer patients: a systematic review.,Wang Yongjian; Zheng Ruishuang; Wu Yunting; Liu Ting; Hao Liqian; Liu Jue,International journal of nursing studies,2025,"Chemotherapy-induced nausea and vomiting increase the healthcare burden and lead to adverse clinical outcomes in cancer patients. Although many risk prediction models for chemotherapy-induced nausea and vomiting have been developed, their methodological quality and applicability remain uncertain.",10.1016/j.ijnurstu.2025.105094,https://pubmed.ncbi.nlm.nih.gov/40318314/,40318314,triPod_AI_era=2024-2025 | overall_calib=0 | subgroup_interval=0 | dual_overlap=0
40626581,Development and Validation of a Nomogram for Predicting Oral Frailty Risk in Elderly Patients With Ischaemic Stroke.,Xiao Wen; Gu Danfeng; Zhang Mingqi; Liao Jiansu; Xu Tao; Deng Tianxue,Journal of clinical nursing,2026,To develop and validate a risk prediction model for oral frailty in elderly patients with ischaemic stroke.,10.1111/jocn.17855,https://pubmed.ncbi.nlm.nih.gov/40626581/,40626581,triPod_AI_era=2024-2025 | overall_calib=1 | subgroup_interval=1 | dual_overlap=1
40065741,Applying machine learning to predict bowel preparation adequacy in elderly patients for colonoscopy: development and validation of a web-based prediction tool.,Liu Jianying; Jiang Wei; Yu Yahong; Gong Jiali; Chen Guie; Yang Yuxing,Annals of medicine,2025,"Adequate bowel preparation is crucial for effective colonoscopy, especially in elderly patients who face a high risk of inadequate preparation. This study develops and validates a machine learning model to predict bowel preparation adequacy in elderly patients before colonoscopy.",10.1080/07853890.2025.2474172,https://pubmed.ncbi.nlm.nih.gov/40065741/,40065741,triPod_AI_era=2024-2025 | overall_calib=1 | subgroup_interval=1 | dual_overlap=0
38596087,Development and validation of nomograms for predicting prognosis in patients with solitary HCC: A TRIPOD-Compliant study.,Li Chuanhong; Deng Yong; Liao Rui; Zhang Leida; Gu Yongpeng,Heliyon,2024,To develop and validate nomograms for predicting the OS and CSS of patients with Solitary Hepatocellular Carcinoma (HCC).,10.1016/j.heliyon.2024.e28877,https://pubmed.ncbi.nlm.nih.gov/38596087/,38596087,triPod_AI_era=2024-2025 | overall_calib=0 | subgroup_interval=1 | dual_overlap=1
39097246,Artificial Intelligence and Machine Learning in Cancer Pain: A Systematic Review.,Salama Vivian; Godinich Brandon; Geng Yimin; Humbert-Vidan Laia; Maule Laura; Wahid Kareem A,Journal of pain and symptom management,2024,Pain is a challenging multifaceted symptom reported by most cancer patients. This systematic review aims to explore applications of artificial intelligence/machine learning (AI/ML) in predicting pain-related outcomes and pain management in cancer.,10.1016/j.jpainsymman.2024.07.025,https://pubmed.ncbi.nlm.nih.gov/39097246/,39097246,triPod_AI_era=2024-2025 | overall_calib=1 | subgroup_interval=0 | dual_overlap=1
32479165,Transparent Reporting of Multivariable Prediction Models in Journal and Conference Abstracts: TRIPOD for Abstracts.,Heus Pauline; Reitsma Johannes B; Collins Gary S; Damen Johanna A A G; Scholten Rob J P M; Altman Douglas G,Annals of internal medicine,2020,"Clear and informative reporting in titles and abstracts is essential to help readers and reviewers identify potentially relevant studies and decide whether to read the full text. Although the TRIPOD (Transparent Reporting of a multivariable prediction model for Individual Prognosis Or Diagnosis) statement provides general recommendations for reporting titles and abstracts, more detailed guidance seems to be desirable. The authors present TRIPOD for Abstracts, a checklist and corresponding guidance for reporting prediction model studies in abstracts. A list of 32 potentially relevant items was the starting point for a modified Delphi procedure involving 110 experts, of whom 71 (65%) participated in the web-based survey. After 2 Delphi rounds, the experts agreed on 21 items as being essentia",10.7326/M20-0193,https://pubmed.ncbi.nlm.nih.gov/32479165/,32479165,triPod_AI_era=pre-2024 | overall_calib=1 | subgroup_interval=1 | dual_overlap=1
38783054,Individualized prediction models in ADHD: a systematic review and meta-regression.,Salazar de Pablo Gonzalo; Iniesta Raquel; Bellato Alessio; Caye Arthur; Dobrosavljevic Maja; Parlatini Valeria,Molecular psychiatry,2024,"There have been increasing efforts to develop prediction models supporting personalised detection, prediction, or treatment of ADHD. We overviewed the current status of prediction science in ADHD by: (1) systematically reviewing and appraising available prediction models; (2) quantitatively assessing factors impacting the performance of published models. We did a PRISMA/CHARMS/TRIPOD-compliant systematic review (PROSPERO: CRD42023387502), searching, until 20/12/2023, studies reporting internally and/or externally validated diagnostic/prognostic/treatment-response prediction models in ADHD. Using meta-regressions, we explored the impact of factors affecting the area under the curve (AUC) of the models. We assessed the study risk of bias with the Prediction Model Risk of Bias Assessment Tool",10.1038/s41380-024-02606-5,https://pubmed.ncbi.nlm.nih.gov/38783054/,38783054,triPod_AI_era=2024-2025 | overall_calib=0 | subgroup_interval=0 | dual_overlap=1
41473241,Development and external validation of machine-learning based models to predict diabetic foot ulcer in diabetes population.,Zhang Yanji; Tian Yingying; Jian Yang; Wei Zairong; Cai Silang; Zhang Gaofengi,Frontiers in endocrinology,2025,"Diabetic foot ulcer (DFU) is a common and serious complication in patients with diabetes, which affects the quality of life greatly as well as brings high risk for mortality. Identification of high-risk individuals, as early as possible is important for efficient intervention and prevention. This study systematically evaluates and summarizes the diagnostic accuracy of machine learning approaches for predicting DFU risk in diabetic patients.",10.3389/fendo.2025.1692917,https://pubmed.ncbi.nlm.nih.gov/41473241/,41473241,triPod_AI_era=2024-2025 | overall_calib=1 | subgroup_interval=0 | dual_overlap=0
40620096,A practical guide for nephrologist peer reviewers: evaluating artificial intelligence and machine learning research in nephrology.,Wang Yanni; Cheungpasitporn Wisit; Ali Hatem; Qing Jianbo; Thongprayoon Charat; Kaewput Wisit,Renal failure,2025,"Artificial intelligence (AI) and machine learning (ML) are transforming nephrology by enhancing diagnosis, risk prediction, and treatment optimization for conditions such as acute kidney injury (AKI) and chronic kidney disease (CKD). AI-driven models utilize diverse datasets-including electronic health records, imaging, and biomarkers-to improve clinical decision-making. Applications such as convolutional neural networks for kidney biopsy interpretation, and predictive modeling for renal replacement therapies underscore AI's potential. Nonetheless, challenges including data quality, limited external validation, algorithmic bias, and poor interpretability constrain the clinical reliability of AI/ML models. To address these issues, this article offers a structured framework for nephrologist ",10.1080/0886022X.2025.2513002,https://pubmed.ncbi.nlm.nih.gov/40620096/,40620096,triPod_AI_era=2024-2025 | overall_calib=1 | subgroup_interval=0 | dual_overlap=0
36750236,Transparent reporting of multivariable prediction models developed or validated using clustered data (TRIPOD-Cluster): explanation and elaboration.,Debray Thomas P A; Collins Gary S; Riley Richard D; Snell Kym I E; Van Calster Ben; Reitsma Johannes B,BMJ (Clinical research ed.),2023,"The TRIPOD-Cluster (transparent reporting of multivariable prediction models developed or validated using clustered data) statement comprises a 19 item checklist, which aims to improve the reporting of studies developing or validating a prediction model in clustered data, such as individual participant data meta-analyses (clustering by study) and electronic health records (clustering by practice or hospital). This explanation and elaboration document describes the rationale; clarifies the meaning of each item; and discusses why transparent reporting is important, with a view to assessing risk of bias and clinical usefulness of the prediction model. Each checklist item of the TRIPOD-Cluster statement is explained in detail and accompanied by published examples of good reporting. The documen",10.1136/bmj-2022-071058,https://pubmed.ncbi.nlm.nih.gov/36750236/,36750236,triPod_AI_era=pre-2024 | overall_calib=0 | subgroup_interval=1 | dual_overlap=1
38226447,Systematic review of machine-learning models in orthopaedic trauma.,Dijkstra Hidde; van de Kuit Anouk; de Groot Tom M; Canta Olga; Groot Olivier Q; Oosterhoff Jacobien H,Bone & joint open,2024,"Machine-learning (ML) prediction models in orthopaedic trauma hold great promise in assisting clinicians in various tasks, such as personalized risk stratification. However, an overview of current applications and critical appraisal to peer-reviewed guidelines is lacking. The objectives of this study are to 1) provide an overview of current ML prediction models in orthopaedic trauma; 2) evaluate the completeness of reporting following the Transparent Reporting of a multivariable prediction model for Individual Prognosis Or Diagnosis (TRIPOD) statement; and 3) assess the risk of bias following the Prediction model Risk Of Bias Assessment Tool (PROBAST) tool.",10.1302/2633-1462.51.BJO-2023-0095.R1,https://pubmed.ncbi.nlm.nih.gov/38226447/,38226447,triPod_AI_era=2024-2025 | overall_calib=1 | subgroup_interval=0 | dual_overlap=0
40964606,Development of an optimized risk evaluation system for cardiovascular-kidney-metabolic syndrome-associated coronary heart disease based on tabular prior-data fitted network.,Zhu Shidian; Zhang Hui; Liu Yanlin; Bu Wenyu; Wu Qiang; Wang Jin,Digital health,2025,"The innovative concept of cardiovascular-kidney-metabolic (CKM) syndrome and tabular prior-data fitted network (TabPFN) offers opportunities for optimizing coronary heart disease (CHD) risk evaluation. This study compared TabPFN with traditional machine learning (ML) methods in medical small-sample data, aiming to construct and validate a risk model for coronary stenosis in CKM-CHD patients.",10.1177/20552076251379379,https://pubmed.ncbi.nlm.nih.gov/40964606/,40964606,triPod_AI_era=2024-2025 | overall_calib=1 | subgroup_interval=1 | dual_overlap=1
32552702,Early warning score validation methodologies and performance metrics: a systematic review.,Fang Andrew Hao Sen; Lim Wan Tin; Balakrishnan Tharmmambal,BMC medical informatics and decision making,2020,"Early warning scores (EWS) have been developed as clinical prognostication tools to identify acutely deteriorating patients. In the past few years, there has been a proliferation of studies that describe the development and validation of novel machine learning-based EWS. Systematic reviews of published studies which focus on evaluating performance of both well-established and novel EWS have shown conflicting conclusions. A possible reason is the heterogeneity in validation methods applied. In this review, we aim to examine the methodologies and metrics used in studies which perform EWS validation.",10.1186/s12911-020-01144-8,https://pubmed.ncbi.nlm.nih.gov/32552702/,32552702,triPod_AI_era=pre-2024 | overall_calib=0 | subgroup_interval=0 | dual_overlap=0
32278089,Development and validation of early warning score system: A systematic literature review.,Fu Li-Heng; Schwartz Jessica; Moy Amanda; Knaplund Chris; Kang Min-Jeoung; Schnock Kumiko O,Journal of biomedical informatics,2020,"This review aims to: 1) evaluate the quality of model reporting, 2) provide an overview of methodology for developing and validating Early Warning Score Systems (EWSs) for adult patients in acute care settings, and 3) highlight the strengths and limitations of the methodologies, as well as identify future directions for EWS derivation and validation studies.",10.1016/j.jbi.2020.103410,https://pubmed.ncbi.nlm.nih.gov/32278089/,32278089,triPod_AI_era=pre-2024 | overall_calib=1 | subgroup_interval=0 | dual_overlap=1
40059970,Evaluation of prognostic scores in patients with HCC undergoing first-line immunotherapy with atezolizumab and bevacizumab.,Gairing Simon Johannes; Mildenberger Philipp; Gile Jennifer; Artusa Fabian; Scheiner Bernhard; Leyh Catherine,JHEP reports : innovation in hepatology,2025,"Immunotherapy with atezolizumab and bevacizumab (a + b) has improved the prognosis of patients with unresectable hepatocellular carcinoma (HCC). However, the outcome for individual patients is highly variable. This study aimed to (i) develop and validate a prognostic prediction model to estimate individual prognosis and (ii) compare it with established models.",10.1016/j.jhepr.2024.101295,https://pubmed.ncbi.nlm.nih.gov/40059970/,40059970,triPod_AI_era=2024-2025 | overall_calib=1 | subgroup_interval=0 | dual_overlap=0
40604360,Artificial intelligence in surgery research: Successfully implementing AI clinical decision support models.,Choi Jeff,The journal of trauma and acute care surgery,2025,"Artificial intelligence (AI) in surgery literature typically encompasses decision support models that aim to help clinicians make better decisions. Many studies report developing and validating models, yet few models are implemented at the bedside. Exceedingly few models achieve their intended goal upon implementation. While the TRIPOD-AI and DECIDE-AI guidelines outline separate reporting standards for the development/validation, and staged implementation of AI models, respectively, this article outlines how future implementation should be considered at the outset before model development. Building on lessons from high-performing AI decision support models that faced challenges upon implementation, we will discuss study design consideration for building trustworthy and actionable AI clini",10.1097/TA.0000000000004725,https://pubmed.ncbi.nlm.nih.gov/40604360/,40604360,triPod_AI_era=2024-2025 | overall_calib=0 | subgroup_interval=0 | dual_overlap=0
40536772,An Individualized Prediction Model for Early-Stage Classic Hodgkin's Lymphoma.,Rodday Angie Mae; Evens Andrew M; Maurer Matthew J; Upshaw Jenica N; Counsell Nicholas; Rossetti Sara,NEJM evidence,2025,"A predictive model for early-stage classic Hodgkin's lymphoma (cHL) does not exist. Leveraging patient-level data from large clinical trials and registries, we developed and validated a model that we term the Early-Stage cHL International Prognostication Index (E-HIPI) to predict 2-year progression-free survival (PFS).",10.1056/EVIDoa2500115,https://pubmed.ncbi.nlm.nih.gov/40536772/,40536772,triPod_AI_era=2024-2025 | overall_calib=1 | subgroup_interval=0 | dual_overlap=1
41047269,Development and validation of diagnostic and prognostic prediction tools for dental caries in young children through prospective and cross-sectional observational studies: a protocol.,Khazaei Yeganeh; Kodikara Saritha; Butler Catherine A; Messina Nicole L; Lê Cao Kim-Anh; Dashper Stuart G,BMJ open,2025,"Dental caries is the most common oral disease worldwide, affecting up to 90% of children globally. It can lead to pain, infection and impaired quality of life. Early prevention is a key strategy for reducing the prevalence of dental caries in young children. Valid and reliable diagnostic or prognostic tools that enable accurate individualised prediction of current or future dental caries are essential for facilitating personalised caries prevention and early intervention. However, no efficacious tools currently exist in early childhood-the optimal period for disease prevention. We aim to develop and validate diagnostic and prognostic prediction tools for dental caries in young children, using a combination of environmental, physical, behavioural and biological early life data.",10.1136/bmjopen-2025-105145,https://pubmed.ncbi.nlm.nih.gov/41047269/,41047269,triPod_AI_era=2024-2025 | overall_calib=1 | subgroup_interval=0 | dual_overlap=0
34757383,Systematic review of prediction models for postacute care destination decision-making.,Kennedy Erin E; Bowles Kathryn H; Aryal Subhash,Journal of the American Medical Informatics Association : JAMIA,2021,"This article reports a systematic review of studies containing development and validation of models predicting postacute care destination after adult inpatient hospitalization, summarizes clinical populations and variables, evaluates model performance, assesses risk of bias and applicability, and makes recommendations to reduce bias in future models.",10.1093/jamia/ocab197,https://pubmed.ncbi.nlm.nih.gov/34757383/,34757383,triPod_AI_era=pre-2024 | overall_calib=0 | subgroup_interval=1 | dual_overlap=1
40805252,Application of Artificial Intelligence in Pancreatic Cyst Management: A Systematic Review.,Lee Donghyun; Jesry Fadel; Maliekkal John J; Goulder Lewis; Huntly Benjamin; Smith Andrew M,Cancers,2025,"Pancreatic cystic lesions (PCLs), including intraductal papillary mucinous neoplasms (IPMNs) and mucinous cystic neoplasms (MCNs), pose a diagnostic challenge due to their variable malignant potential. Current guidelines, such as Fukuoka and American Gastroenterological Association (AGA), have moderate predictive accuracy and may lead to overtreatment or missed malignancies. Artificial intelligence (AI), incorporating machine learning (ML) and deep learning (DL), offers the potential to improve risk stratification, diagnosis, and management of PCLs by integrating clinical, radiological, and molecular data. This is the first systematic review to evaluate the application, performance, and clinical utility of AI models in the diagnosis, classification, prognosis, and management of pancreatic ",10.3390/cancers17152558,https://pubmed.ncbi.nlm.nih.gov/40805252/,40805252,triPod_AI_era=2024-2025 | overall_calib=1 | subgroup_interval=0 | dual_overlap=0
41175546,Systematic review of a machine learning model for prediction of venous thromboembolism risk.,Ge Wen-Jing; Zhu Teng-Fei; Ge Wen-Jie; Zhu Xin-Yi; Chu Ai-Qin,Thrombosis research,2025,"This systematic review aims to evaluate the methodological quality, performance, and clinical applicability of machine learning (ML) models for predicting the risk of venous thromboembolism (VTE) in hospitalized patients. Specifically, we aim to assess the methodological quality and reporting transparency of the included studies, with a focus on their risk of bias and adherence to reporting guidelines.",10.1016/j.thromres.2025.109507,https://pubmed.ncbi.nlm.nih.gov/41175546/,41175546,triPod_AI_era=2024-2025 | overall_calib=1 | subgroup_interval=1 | dual_overlap=1
37285695,"Artificial intelligence, big data and heart transplantation: Actualities.",Palmieri Vittorio; Montisci Andrea; Vietri Maria Teresa; Colombo Paolo C; Sala Silvia; Maiello Ciro,International journal of medical informatics,2023,"As diagnostic and prognostic models developed by traditional statistics perform poorly in real-world, artificial intelligence (AI) and Big Data (BD) may improve the supply chain of heart transplantation (HTx), allocation opportunities, correct treatments, and finally optimize HTx outcome. We explored available studies, and discussed opportunities and limits of medical application of AI to the field of HTx.",10.1016/j.ijmedinf.2023.105110,https://pubmed.ncbi.nlm.nih.gov/37285695/,37285695,triPod_AI_era=pre-2024 | overall_calib=0 | subgroup_interval=1 | dual_overlap=1
32448593,Evaluating the quality of reporting of melanoma prediction models.,Jiang Matthew Y; Dragnev Nathalie C; Wong Sandra L,Surgery,2020,Multivariable prediction models combine patient data points to provide actionable estimates of outcomes. Prediction models for melanoma are important for guidance in the midst of the rising incidence and evolving treatment options. This study evaluates the quality of reporting of prediction models using the Transparent Reporting of a Multivariable Prediction Model for Individual Prognosis or Diagnosis (TRIPOD) checklist.,10.1016/j.surg.2020.04.016,https://pubmed.ncbi.nlm.nih.gov/32448593/,32448593,triPod_AI_era=pre-2024 | overall_calib=1 | subgroup_interval=0 | dual_overlap=0
40953036,Risk prediction model for post-endoscopic retrograde cholangiopancreatography pancreatitis: A systematic review and meta-analysis.,Mao Yijun; Liu Qiang; Fan Hui; He Wenjing; Zhang Cheng; Ouyang Xueqian,PloS one,2025,"Post-endoscopic retrograde cholangiopancreatography pancreatitis (PEP) is the most common and clinically significant complication of ERCP, with an incidence of 3.5-9.7% in general populations and up to 14.7% in high-risk groups, leading to considerable morbidity, mortality, and healthcare costs. Although numerous multivariable prediction models have been developed, their predictor sets, methodological rigor, and clinical applicability remain highly variable.",10.1371/journal.pone.0332378,https://pubmed.ncbi.nlm.nih.gov/40953036/,40953036,triPod_AI_era=2024-2025 | overall_calib=1 | subgroup_interval=1 | dual_overlap=0
42667902,"Data-centric, robust, and explainable multimodal deep learning for clinical decision support: A systematic review.",Islam Md Mazharul; Tanzim Alam Abrar Mohammed; Rahman Rony Md Sadikur; Das Susmay,International journal of medical informatics,2026,"Multimodal deep learning is increasingly proposed for clinical decision support (CDS) under a """"data-centric"""" framing that prioritizes label quality, missing-modality robustness, distribution shift, calibration, and explainability. Prior reviews have examined multimodal medical AI, CDS, and data-centric methods separately, but none address their intersection. We mapped the modalities, fusion strategies, and data-centric and explainability techniques used in this recent literature, quantified how often each is implemented rather than merely mentioned, assessed deployment-relevant evidence (external validation, clinical-outcome measurement, equity), and formally appraised study-level risk of bias.",10.1016/j.ijmedinf.2026.106684,https://pubmed.ncbi.nlm.nih.gov/42667902/,42667902,triPod_AI_era=2024-2025 | overall_calib=0 | subgroup_interval=0 | dual_overlap=1
41561680,Development and validation of predictive models for 6-month gastrostomy timing in amyotrophic lateral sclerosis.,Lizio Andrea; Lops Jessica; Farè Matteo; Pezzera Sharon; Piras Rachele; Sideri Riccardo,BMJ neurology open,2026,"Dysphagia is common in amyotrophic lateral sclerosis (ALS), contributing to malnutrition and accelerated disease progression. Although early nutritional intervention is recommended, the optimal timing for percutaneous endoscopic gastrostomy (PEG) placement remains uncertain. This study aimed to develop and validate simple prediction models, accessible via an online calculator, to identify ALS patients likely to require PEG within 6 months.",10.1136/bmjno-2025-001336,https://pubmed.ncbi.nlm.nih.gov/41561680/,41561680,triPod_AI_era=2024-2025 | overall_calib=1 | subgroup_interval=0 | dual_overlap=0
40623883,Development and retrospective validation of an artificial intelligence system for diagnostic assessment of prostate biopsies: study protocol.,Mulliqi Nita; Blilie Anders; Ji Xiaoyi; Szolnoky Kelvin; Olsson Henrik; Titus Matteo,BMJ open,2025,"Histopathological evaluation of prostate biopsies using the Gleason scoring system is critical for prostate cancer diagnosis and treatment selection. However, grading variability among pathologists can lead to inconsistent assessments, risking inappropriate treatment. Similar challenges complicate the assessment of other prognostic features like cribriform cancer morphology and perineural invasion. Many pathology departments are also facing an increasingly unsustainable workload due to rising prostate cancer incidence and a decreasing pathologist workforce coinciding with increasing requirements for more complex assessments and reporting. Digital pathology and artificial intelligence (AI) algorithms for analysing whole slide images show promise in improving the accuracy and efficiency of h",10.1136/bmjopen-2024-097591,https://pubmed.ncbi.nlm.nih.gov/40623883/,40623883,triPod_AI_era=2024-2025 | overall_calib=1 | subgroup_interval=0 | dual_overlap=0
41939888,Development and validation of a diagnostic nomogram integrating anatomical scores and systemic immune-inflammatory biomarkers for,Chen Xu; Liu Yucheng; Wang Tianyu; Liu Disheng; Chang Pengcheng; Liu Nianjun,Frontiers in immunology,2026,"At initial diagnosis, approximately 30% of renal cell carcinoma (RCC) patients have",10.3389/fimmu.2026.1747057,https://pubmed.ncbi.nlm.nih.gov/41939888/,41939888,triPod_AI_era=2024-2025 | overall_calib=0 | subgroup_interval=0 | dual_overlap=0
40829629,Machine Learning in Venous Thromboembolism-Why and What Next?,Gurumurthy Gerard; Kisiel Filip; Reynolds Lianna; Thomas Will; Othman Maha; Arachchillage Deepa J,Seminars in thrombosis and hemostasis,2026,"Venous thromboembolism (VTE) remains a leading cause of cardiovascular morbidity and mortality, despite advances in imaging and anticoagulation. VTE arises from diverse and overlapping risk factors, such as inherited thrombophilia, immobility, malignancy, surgery or trauma, pregnancy, hormonal therapy, obesity, chronic medical conditions (e.g., heart failure, inflammatory disease), and advancing age. Clinicians, therefore, face challenges in balancing the benefits of thromboprophylaxis against the bleeding risk. Existing clinical risk scores often exhibit only modest discrimination and calibration across heterogeneous patient populations. Machine learning (ML) has emerged as a promising tool to address these limitations. In imaging, convolutional neural networks and hybrid algorithms can d",10.1055/a-2669-7933,https://pubmed.ncbi.nlm.nih.gov/40829629/,40829629,triPod_AI_era=2024-2025 | overall_calib=1 | subgroup_interval=0 | dual_overlap=1
34981135,Quality assessment of radiomics research in cardiac CT: a systematic review.,Lee Suji; Han Kyunghwa; Suh Young Joo,European radiology,2022,To assess the quality of current radiomics research on cardiac CT using radiomics quality score (RQS) and Transparent Reporting of a multivariable prediction model for Individual Prognosis Or Diagnosis (TRIPOD) systems.,10.1007/s00330-021-08429-0,https://pubmed.ncbi.nlm.nih.gov/34981135/,34981135,triPod_AI_era=pre-2024 | overall_calib=1 | subgroup_interval=0 | dual_overlap=0
32680829,Risk Prediction Models for Kidney Cancer: A Systematic Review.,Harrison Hannah; Thompson Rachel E; Lin Zhiyuan; Rossi Sabrina H; Stewart Grant D; Griffin Simon J,European urology focus,2021,"Early detection of kidney cancer improves survival; however, low prevalence means that population-wide screening may be inefficient. Stratification of the population into risk categories could allow for the introduction of a screening programme tailored to individuals.",10.1016/j.euf.2020.06.024,https://pubmed.ncbi.nlm.nih.gov/32680829/,32680829,triPod_AI_era=pre-2024 | overall_calib=0 | subgroup_interval=0 | dual_overlap=0
32600262,A conceptual framework for prognostic research.,Kent Peter; Cancelliere Carol; Boyle Eleanor; Cassidy J David; Kongsted Alice,BMC medical research methodology,2020,"Prognostic research has many important purposes, including (i) describing the natural history and clinical course of health conditions, (ii) investigating variables associated with health outcomes of interest, (iii) estimating an individual's probability of developing different outcomes, (iv) investigating the clinical application of prediction models, and (v) investigating determinants of recovery that can inform the development of interventions to improve patient outcomes. But much prognostic research has been poorly conducted and interpreted, indicating that a number of conceptual areas are often misunderstood. Recent initiatives to improve this include the Prognosis Research Strategy (PROGRESS) and the Transparent Reporting of a multivariable prediction model for Individual Prognosis o",10.1186/s12874-020-01050-7,https://pubmed.ncbi.nlm.nih.gov/32600262/,32600262,triPod_AI_era=pre-2024 | overall_calib=1 | subgroup_interval=0 | dual_overlap=0
40589901,Development and validation of a diagnostic prediction model for heart failure-related pleural effusions: the BANCA score.,Porcel José M; Trujillano Javier; Porcel Laura; Esquerda Aureli; Bielsa Silvia,ERJ open research,2025,"Heart failure (HF) is a common cause of pleural effusion (PE); however, its diagnosis can be challenging owing to overlapping clinical features with other causes. Measuring N-terminal pro-brain natriuretic peptide (NT-proBNP) levels is diagnostically useful, but the optimal cut-off point must be determined. This study aimed to optimise NT-proBNP cut-offs for diagnosing HF-related PEs and develop a scoring model to improve diagnostic precision.",10.1183/23120541.01030-2024,https://pubmed.ncbi.nlm.nih.gov/40589901/,40589901,triPod_AI_era=2024-2025 | overall_calib=1 | subgroup_interval=1 | dual_overlap=0
38736145,Development and validation of a nomogram for predicting high-burnout risk in nurses.,Ning Meng; Chen Zengyu; Yang Jiaxin; Li Xuting; Yu Qiang; Huang Chongmei,Journal of clinical nursing,2025,To develop a predictive model for high-burnout of nurses.,10.1111/jocn.17210,https://pubmed.ncbi.nlm.nih.gov/38736145/,38736145,triPod_AI_era=2024-2025 | overall_calib=0 | subgroup_interval=0 | dual_overlap=0
41258421,Construction and validation of a risk prediction model for complications in patients with acute leukemia based on machine learning.,Xu Rong; Tian Hong; Zhao Sufang; Gu Shulan,Scientific reports,2025,"Early-phase severe complications remain a major cause of morbidity and mortality during induction chemotherapy for acute leukaemia. Existing risk scores capture only limited prognostic variance and are rarely well-calibrated for clinical decision support. To develop and externally validate a machine-learning model that accurately predicts severe complications after induction, and to assess its clinical utility across key patient sub-groups. We retrospectively assembled electronic-health-record data from three tertiary haematology centres (2013-2024). After exclusion of duplicates and predefined ineligible cases, 2 870 adults with newly diagnosed AML or ALL were analysed (derivation = 2 009; external validation = 861). Forty-two candidate predictors spanning demographics, comorbidity indice",10.1038/s41598-025-24478-7,https://pubmed.ncbi.nlm.nih.gov/41258421/,41258421,triPod_AI_era=2024-2025 | overall_calib=1 | subgroup_interval=0 | dual_overlap=0
37208863,Implementation frameworks for end-to-end clinical AI: derivation of the SALIENT framework.,van der Vegt Anton H; Scott Ian A; Dermawan Krishna; Schnetler Rudolf J; Kalke Vikrant R; Lane Paul J,Journal of the American Medical Informatics Association : JAMIA,2023,To derive a comprehensive implementation framework for clinical AI models within hospitals informed by existing AI frameworks and integrated with reporting standards for clinical AI research.,10.1093/jamia/ocad088,https://pubmed.ncbi.nlm.nih.gov/37208863/,37208863,triPod_AI_era=pre-2024 | overall_calib=1 | subgroup_interval=1 | dual_overlap=1
40830779,Development and validation of a decision tree model for prediction of insomnia risk among ischemic stroke convalescence patients.,Sun Xuefeng; Wang Zilin; Song Yuqing; Cong Deyu; Sun Shu; Zhang Xinye,BMC public health,2025,"Insomnia is a common complication in ischemic stroke convalescence (ISC) patients. While the interaction of clinical, psychological, and social factors remains unclear, developing a predictive model system is urgently needed. Currently, few studies have established insomnia risk prediction models.",10.1186/s12889-025-24025-z,https://pubmed.ncbi.nlm.nih.gov/40830779/,40830779,triPod_AI_era=2024-2025 | overall_calib=0 | subgroup_interval=0 | dual_overlap=0
40938905,Integration of wearable devices and artificial intelligence in Alzheimer's disease: A scoping review protocol.,Qi Wenhao; Shi Yankai; Shen Shiying; Wang Bingsheng; Zhang Shuai; Kang Junling,PloS one,2025,"The incidence of Alzheimer's disease (AD) continues to rise, and predictive models combining artificial intelligence (AI) with wearable devices offer a new approach for its detection and diagnosis. Existing reviews remain focused on traditional biomarkers, making it necessary to supplement the evidence in this field, particularly given the rapid advancements in wearable and AI technologies. The scoping review protocol aims to systematically evaluate AI-based predictive models using wearable devices for AD, with a focus on their measurement outcomes and model development processes. The review will follow the Arksey and O'Malley framework and incorporate PRISMA-ScR guidelines. This study will search multiple databases, including Web of Science, Cochrane Library, and PubMed, covering relevant",10.1371/journal.pone.0331129,https://pubmed.ncbi.nlm.nih.gov/40938905/,40938905,triPod_AI_era=2024-2025 | overall_calib=1 | subgroup_interval=1 | dual_overlap=0
39888094,Development and Validation of a Prediction Model for Enteral Feeding Intolerance in Critical Ill Patients: A Retrospective Cohort Study.,Liu Lijie; Li Jin; Hu Liting; Cai Xiaowei; Li Xiaoyan; Bai Yang,Journal of clinical nursing,2025,To construct and validate a prediction model for enteral feeding intolerance in critically ill patients during the first 7 days of enteral feeding.,10.1111/jocn.17660,https://pubmed.ncbi.nlm.nih.gov/39888094/,39888094,triPod_AI_era=2024-2025 | overall_calib=1 | subgroup_interval=0 | dual_overlap=0
36878154,Quality assessment of stroke radiomics studies: Promoting clinical application.,Sohn Beomseok; Won So Yeon,European journal of radiology,2023,"To evaluate the quality of radiomics studies on stroke using a radiomics quality score (RQS), Minimum Information for Medial AI reporting (MINIMAR) and Transparent Reporting of a multivariable prediction model for Individual Prognosis Or Diagnosis (TRIPOD) to promote clinical application.",10.1016/j.ejrad.2023.110752,https://pubmed.ncbi.nlm.nih.gov/36878154/,36878154,triPod_AI_era=pre-2024 | overall_calib=0 | subgroup_interval=1 | dual_overlap=0
41085202,Performance of diabetes risk prediction models: a systematic review and meta-analysis.,Li Meichen; Tan Aowei; Song Linjie; Qiu Xingying; Zhou Li; Wen Zehuai,Endocrine connections,2025,"Type 2 diabetes mellitus (T2DM) poses a significant global public health burden, where early detection of at-risk populations is imperative for implementing targeted preventive strategies. This systematic review and meta-analysis aimed to evaluate the methodological quality and predictive performance of existing T2DM risk prediction models in screening contexts.",10.1530/EC-25-0353,https://pubmed.ncbi.nlm.nih.gov/41085202/,41085202,triPod_AI_era=2024-2025 | overall_calib=1 | subgroup_interval=0 | dual_overlap=0
40725875,Risk prediction models for heart failure after myocardial infarction: A systematic review.,Shang Hang; Wang Jiankang; Cong Yunmiao; Chen Hao; Cui Yingzi; Guo Jiajuan,Medicine,2025,"This study aimed to evaluate systematically the risk prediction model for heart failure after myocardial infarction, assess its prediction performance and effect, and provide a reference basis for clinical practice and scientific research.",10.1097/MD.0000000000043480,https://pubmed.ncbi.nlm.nih.gov/40725875/,40725875,triPod_AI_era=2024-2025 | overall_calib=1 | subgroup_interval=0 | dual_overlap=0
34513751,Reporting and Performance of Hepatocellular Carcinoma Risk Prediction Models: Based on TRIPOD Statement and Meta-Analysis.,Yang Liuqing; Wang Qiang; Cui Tingting; Huang Jinxin; Jin Hui,Canadian journal of gastroenterology & hepatology,2021,The performance of risk prediction models for hepatocellular carcinoma (HCC) in patients with chronic hepatitis B (CHB) was uncertain. The aim of the study was to critically evaluate the reports of transparent and external validation performances of these prediction models based on system review and meta-analysis.,10.1155/2021/9996358,https://pubmed.ncbi.nlm.nih.gov/34513751/,34513751,triPod_AI_era=pre-2024 | overall_calib=0 | subgroup_interval=0 | dual_overlap=0
35326526,Machine Learning Applications for Differentiation of Glioma from Brain Metastasis-A Systematic Review.,Jekel Leon; Brim Waverly R; von Reppert Marc; Staib Lawrence; Cassinelli Petersen Gabriel; Merkaj Sara,Cancers,2022,"Glioma and brain metastasis can be difficult to distinguish on conventional magnetic resonance imaging (MRI) due to the similarity of imaging features in specific clinical circumstances. Multiple studies have investigated the use of machine learning (ML) models for non-invasive differentiation of glioma from brain metastasis. Many of the studies report promising classification results, however, to date, none have been implemented into clinical practice. After a screening of 12,470 studies, we included 29 eligible studies in our systematic review. From each study, we aggregated data on model design, development, and best classifiers, as well as quality of reporting according to the TRIPOD statement. In a subset of eligible studies, we conducted a meta-analysis of the reported AUC. It was fo",10.3390/cancers14061369,https://pubmed.ncbi.nlm.nih.gov/35326526/,35326526,triPod_AI_era=pre-2024 | overall_calib=1 | subgroup_interval=0 | dual_overlap=0
35026997,Completeness of reporting of clinical prediction models developed using supervised machine learning: a systematic review.,Andaur Navarro Constanza L; Damen Johanna A A; Takada Toshihiko; Nijman Steven W J; Dhiman Paula; Ma Jie,BMC medical research methodology,2022,"While many studies have consistently found incomplete reporting of regression-based prediction model studies, evidence is lacking for machine learning-based prediction model studies. We aim to systematically review the adherence of Machine Learning (ML)-based prediction model studies to the Transparent Reporting of a multivariable prediction model for Individual Prognosis Or Diagnosis (TRIPOD) Statement.",10.1186/s12874-021-01469-6,https://pubmed.ncbi.nlm.nih.gov/35026997/,35026997,triPod_AI_era=pre-2024 | overall_calib=1 | subgroup_interval=0 | dual_overlap=0
36749371,Quality of radiomics for predicting microvascular invasion in hepatocellular carcinoma: a systematic review.,Yuan Enyu; Chen Yuntian; Song Bin,European radiology,2023,"To comprehensively evaluate the reporting quality, risk of bias, and radiomics methodology quality of radiomics models for predicting microvascular invasion in hepatocellular carcinoma.",10.1007/s00330-023-09414-5,https://pubmed.ncbi.nlm.nih.gov/36749371/,36749371,triPod_AI_era=pre-2024 | overall_calib=0 | subgroup_interval=0 | dual_overlap=0
40891023,Development and Validation of a Machine Learning-Based Risk Prediction Model for Delirium in Older Inpatients: A Prospective Cohort Study.,Zhou Xu-Hua; Duan Di-Fei; Zhang Meng; Liu Shuang; Lv Jing; Wang Yi,Journal of advanced nursing,2026,To develop and validate a machine learning-based risk prediction model for delirium in older inpatients.,10.1111/jan.70154,https://pubmed.ncbi.nlm.nih.gov/40891023/,40891023,triPod_AI_era=2024-2025 | overall_calib=1 | subgroup_interval=1 | dual_overlap=0
41858761,Development and internal-external validation of a risk prediction model for acute pain after HAIC for patients with liver cancer using logistic regression and XGBoost algorithm.,Cao Jiacheng; Gong Yina; Wang Fan; Zhang Jiayang; Chen Chunyan; Cao Jiawei,Asia-Pacific journal of oncology nursing,2026,To develop a clinical model for the early prediction of moderate-to-severe pain after Hepatic Artery Infusion Chemotherapy (HAIC) in liver cancer patients using XGBoost algorithm and then compare its prediction capacity with the logistic model.,10.1016/j.apjon.2026.100923,https://pubmed.ncbi.nlm.nih.gov/41858761/,41858761,triPod_AI_era=2024-2025 | overall_calib=1 | subgroup_interval=0 | dual_overlap=0
39010044,Development and validation of a model to predict ceiling of care in COVID-19 hospitalized patients.,Pallarès N; Inouzhe H; Straw S; Safdar N; Fernández D; Cortés J,BMC palliative care,2024,"Therapeutic ceiling of care is the maximum level of care deemed appropiate to offer to a patient based on their clinical profile and therefore their potential to derive benefit, within the context of the availability of resources. To our knowledge, there are no models to predict ceiling of care decisions in COVID-19 patients or other acute illnesses. We aimed to develop and validate a clinical prediction model to predict ceiling of care decisions using information readily available at the point of hospital admission.",10.1186/s12904-024-01490-8,https://pubmed.ncbi.nlm.nih.gov/39010044/,39010044,triPod_AI_era=2024-2025 | overall_calib=0 | subgroup_interval=0 | dual_overlap=0
39178283,Using machine learning methods to predict all-cause somatic hospitalizations in adults: A systematic review.,Askar Mohsen; Tafavvoghi Masoud; Småbrekke Lars; Bongo Lars Ailo; Svendsen Kristian,PloS one,2024,"In this review, we investigated how Machine Learning (ML) was utilized to predict all-cause somatic hospital admissions and readmissions in adults.",10.1371/journal.pone.0309175,https://pubmed.ncbi.nlm.nih.gov/39178283/,39178283,triPod_AI_era=2024-2025 | overall_calib=1 | subgroup_interval=0 | dual_overlap=0
36431165,Modeling Physiological Predictors of Running Velocity for Endurance Athletes.,Wiecha Szczepan; Kasiak Przemysław Seweryn; Cieśliński Igor; Maciejczyk Marcin; Mamcarz Artur; Śliż Daniel,Journal of clinical medicine,2022,,10.3390/jcm11226688,https://pubmed.ncbi.nlm.nih.gov/36431165/,36431165,triPod_AI_era=pre-2024 | overall_calib=1 | subgroup_interval=0 | dual_overlap=0
26767405,Systematic review of risk prediction models for falls after stroke.,Walsh Mary E; Horgan N Frances; Walsh Cathal D; Galvin Rose,Journal of epidemiology and community health,2016,"Falls are a significant cause of morbidity after stroke. The aim of this review was to identify, critically appraise and summarise risk prediction models for the occurrence of falling after stroke.",10.1136/jech-2015-206475,https://pubmed.ncbi.nlm.nih.gov/26767405/,26767405,triPod_AI_era=pre-2024 | overall_calib=0 | subgroup_interval=0 | dual_overlap=0
35585563,Quality and transparency of reporting derivation and validation prognostic studies of recurrent stroke in patients with TIA and minor stroke: a systematic review.,Abdulaziz Kasim E; Perry Jeffrey J; Yadav Krishan; Dowlatshahi Dar; Stiell Ian G; Wells George A,Diagnostic and prognostic research,2022,"Clinical prediction models/scores help clinicians make optimal evidence-based decisions when caring for their patients. To critically appraise such prediction models for use in a clinical setting, essential information on the derivation and validation of the models needs to be transparently reported. In this systematic review, we assessed the quality of reporting of derivation and validation studies of prediction models for the prognosis of recurrent stroke in patients with transient ischemic attack or minor stroke.",10.1186/s41512-022-00123-z,https://pubmed.ncbi.nlm.nih.gov/35585563/,35585563,triPod_AI_era=pre-2024 | overall_calib=1 | subgroup_interval=0 | dual_overlap=0
38726948,Systematic Review of Prognosis Models in Predicting Tooth Loss in Periodontitis.,Chow D Y; Tay J R H; Nascimento G G,Journal of dental research,2024,"This study reviews and appraises the methodological and reporting quality of prediction models for tooth loss in periodontitis patients, including the use of regression and machine learning models. Studies involving prediction modeling for tooth loss in periodontitis patients were screened. A search was performed in MEDLINE via PubMed, Embase, and CENTRAL up to 12 February 2022, with citation chasing. Studies exploring model development or external validation studies for models assessing tooth loss in periodontitis patients for clinical use at any time point, with all prediction horizons in English, were considered. Studies were excluded if models were not developed for use in periodontitis patients, were not developed or validated on any data set, predicted outcomes other than tooth loss,",10.1177/00220345241237448,https://pubmed.ncbi.nlm.nih.gov/38726948/,38726948,triPod_AI_era=2024-2025 | overall_calib=1 | subgroup_interval=1 | dual_overlap=0
40447991,Development with external validation of a prediction model for postoperative acute kidney injury following noncardiac surgery in elderly patients.,Zhang Xiaoying; Ruan Xianghan; Yu Yao; Sun Tongyan; Zhang Jiaqiang; Cong Xuhui,BMC geriatrics,2025,"To develop and externally validate a risk prediction model for postoperative acute kidney injury (PO-AKI) in elderly patients undergoing noncardiac surgery, addressing the current gap in predictive tools for this vulnerable population.",10.1186/s12877-025-06023-3,https://pubmed.ncbi.nlm.nih.gov/40447991/,40447991,triPod_AI_era=2024-2025 | overall_calib=0 | subgroup_interval=0 | dual_overlap=0
39395856,Machine Learning for Prediction of Postoperative Delirium in Adult Patients: A Systematic Review and Meta-analysis.,Chen Hao; Yu Dongdong; Zhang Jing; Li Jianli,Clinical therapeutics,2024,This meta-analysis aimed to evaluate the performance of machine learning (ML) models in predicting postoperative delirium (POD) and to provide guidance for clinical application.,10.1016/j.clinthera.2024.09.013,https://pubmed.ncbi.nlm.nih.gov/39395856/,39395856,triPod_AI_era=2024-2025 | overall_calib=1 | subgroup_interval=0 | dual_overlap=0
38045217,A systematic review and meta-analysis of risk prediction models for post-thrombotic syndrome in patients with deep vein thrombosis.,Guo Xiaorong; Xu Huimin; Zhang Jiantao; Hao Bin; Yang Tao,Heliyon,2023,This systematic review and meta-analysis aimed to systematically evaluate the prediction models for the risk of post-thrombotic syndrome (PTS) in deep vein thrombosis (DVT) patients.,10.1016/j.heliyon.2023.e22226,https://pubmed.ncbi.nlm.nih.gov/38045217/,38045217,triPod_AI_era=pre-2024 | overall_calib=1 | subgroup_interval=0 | dual_overlap=0
38343243,Diagnostic Performance of Artificial Intelligence in Detection of Primary Malignant Bone Tumors: a Meta-Analysis.,Salehi Mohammad Amin; Mohammadi Soheil; Harandi Hamid; Zakavi Seyed Sina; Jahanshahi Ali; Shahrabi Farahani Mohammad,Journal of imaging informatics in medicine,2024,"We aim to conduct a meta-analysis on studies that evaluated the diagnostic performance of artificial intelligence (AI) algorithms in the detection of primary bone tumors, distinguishing them from other bone lesions, and comparing them with clinician assessment. A systematic search was conducted using a combination of keywords related to bone tumors and AI. After extracting contingency tables from all included studies, we performed a meta-analysis using random-effects model to determine the pooled sensitivity and specificity, accompanied by their respective 95% confidence intervals (CI). Quality assessment was evaluated using a modified version of Transparent Reporting of a Multivariable Prediction Model for Individual Prognosis or Diagnosis (TRIPOD) and Prediction Model Study Risk of Bias ",10.1007/s10278-023-00945-3,https://pubmed.ncbi.nlm.nih.gov/38343243/,38343243,triPod_AI_era=2024-2025 | overall_calib=0 | subgroup_interval=1 | dual_overlap=1
41379769,Risk of cancer following presentation with new-onset atrial fibrillation using data from UK national databases.,Yoshimura Hiroyuki; Zakkak Nadine; Lyratzopoulos Georgios; Lip Gregory Y H; Schmidt Floriaan; Providencia Rui,"Europace : European pacing, arrhythmias, and cardiac electrophysiology : journal of the working groups on cardiac pacing, arrhythmias, and cardiac cellular electrophysiology of the European Society of Cardiology",2025,"Atrial fibrillation (AF) and cancer are both highly prevalent conditions and are known to be associated. Our aim was to identify predictors and develop models for all cancer types, in men and women, and for the four most common cancer types in the AF population using linked primary and secondary care data from the UK.",10.1093/europace/euaf319,https://pubmed.ncbi.nlm.nih.gov/41379769/,41379769,triPod_AI_era=2024-2025 | overall_calib=1 | subgroup_interval=0 | dual_overlap=0
37731636,Methodological quality of radiomic-based prognostic studies in gastric cancer: a cross-sectional study.,Jiang Tianxiang; Zhao Zhou; Liu Xueting; Shen Chaoyong; Mu Mingchun; Cai Zhaolun,Frontiers in oncology,2023,"Machine learning radiomics models are increasingly being used to predict gastric cancer prognoses. However, the methodological quality of these models has not been evaluated. Therefore, this study aimed to evaluate the methodological quality of radiomics studies in predicting the prognosis of gastric cancer, summarize their methodological characteristics and performance.",10.3389/fonc.2023.1161237,https://pubmed.ncbi.nlm.nih.gov/37731636/,37731636,triPod_AI_era=pre-2024 | overall_calib=1 | subgroup_interval=0 | dual_overlap=0
35702399,Bias and Reporting Quality of Clinical Prognostic Models for Idiopathic Pulmonary Fibrosis: A Cross-Sectional Study.,Di Jiaqi; Li Xuanlin; Yang Jingjing; Li Luguang; Yu Xueqing,Risk management and healthcare policy,2022,This study aims to evaluate the risk of bias (ROB) and reporting quality of idiopathic pulmonary fibrosis (IPF) prediction models by assessing characteristics of these models.,10.2147/RMHP.S357606,https://pubmed.ncbi.nlm.nih.gov/35702399/,35702399,triPod_AI_era=pre-2024 | overall_calib=0 | subgroup_interval=1 | dual_overlap=0
40700462,Machine learning in dentistry: a scoping review.,Lakhotia Shrey; Godrej Hormazd; Kaur Amandeep; Nutakki Chaitanya Sai; Mun Michelle; Eber Pascal,PLOS digital health,2025,"Artificial intelligence (AI), specifically machine learning (ML), is increasingly applied in decision-making for dental diagnosis, prognosis, and treatment. However, the methodological completeness of published models has not been rigorously assessed. We performed a scoping review of PubMed-indexed articles (English, 1 January 2018â€'31 December 2023) that used ML in any dental specialty. Each study was evaluated with the TRIPOD + AI rubric for key reporting elements such as data preprocessing, model validation, and clinical performance. Out of 1,506 identified studies, 280 met the inclusion criteria. Oral and maxillofacial radiology (27.5%), oral and maxillofacial surgery (15.0%), and general dentistry (14.3%) were the most represented specialties. Sixty-four studies (22.9%) lacked compar",10.1371/journal.pdig.0000940,https://pubmed.ncbi.nlm.nih.gov/40700462/,40700462,triPod_AI_era=2024-2025 | overall_calib=1 | subgroup_interval=0 | dual_overlap=0
41291544,External validation of a web- and artificial intelligence-based HIV/STI risk assessment tool: performance evaluation using data from Sydney sexual health centre.,Latt Phyu Mon; Ray Anik; Lu Heng; Soe Nyi N; Xu Xianglong; Bao Yining,BMC infectious diseases,2025,"INTRODUCTION: HIV and sexually transmitted infections (STIs) continue to pose significant public health challenges globally. MySTIRisk, developed at Melbourne Sexual Health Centre (MSHC), is a machine learning-based tool that predicts individual risk for HIV, syphilis, gonorrhoea, and chlamydia using demographic and behavioural data. While initial validation showed promising results, external validation is crucial to assess its generalisability. This study externally validates MySTIRisk using data from the Sydney Sexual Health Centre (SSHC), Australia’s second-largest sexual health centre. METHODS: Following TRIPOD guidelines, we analysed consultations from patients aged 18 years and older attending SSHC between January 2013 and December 2023. Pre-trained MySTIRisk models were applied dire",10.1186/s12879-025-12087-8,https://pubmed.ncbi.nlm.nih.gov/41291544/,41291544,triPod_AI_era=2024-2025 | overall_calib=1 | subgroup_interval=0 | dual_overlap=0
39588309,Development and validation of a nomogram for predicting the risk of developing gastric cancer based on a questionnaire: a cross-sectional study.,Huang Zhangsen; Chen Songyao; Yin Songcheng; Shi Zhaowen; Gu Liang; Li Liang,Frontiers in oncology,2024,Detection of gastric cancer (GC) at early stages is an effective strategy for decreasing mortality. This study aimed to construct a prediction nomogram based on a questionnaire to assess the risk of developing GC.,10.3389/fonc.2024.1351967,https://pubmed.ncbi.nlm.nih.gov/39588309/,39588309,triPod_AI_era=2024-2025 | overall_calib=0 | subgroup_interval=0 | dual_overlap=0
36921160,Predictive models of newborn body composition: a systematic review.,Couto Elissa de Oliveira; Marano Daniele; Amaral Yasmin Notarbartolo di Villarosa do; Moreira Maria Elisabeth Lopes,Revista paulista de pediatria : orgao oficial da Sociedade de Pediatria de Sao Paulo,2023,To analyze the prediction models of fat-free mass and fat mass of neonates who had air displacement plethysmography as a reference test.,10.1590/1984-0462/2023/41/2020365,https://pubmed.ncbi.nlm.nih.gov/36921160/,36921160,triPod_AI_era=pre-2024 | overall_calib=1 | subgroup_interval=0 | dual_overlap=0
36018049,Quality reporting of radiomics analysis in pituitary adenomas: promoting clinical translation.,Won So Yeon; Lee Narae; Park Yae Won; Ahn Sung Soo; Ku Cheol Ryong; Kim Eui Hyun,The British journal of radiology,2022,To evaluate the quality of radiomics studies on pituitary adenoma according to the radiomics quality score (RQS) and Transparent Reporting of a multivariable prediction model for Individual Prognosis Or Diagnosis (TRIPOD).,10.1259/bjr.20220401,https://pubmed.ncbi.nlm.nih.gov/36018049/,36018049,triPod_AI_era=pre-2024 | overall_calib=1 | subgroup_interval=0 | dual_overlap=0
32155505,Generalizability assessment of head and neck cancer NTCP models based on the TRIPOD criteria.,Sharabiani Marjan; Clementel Enrico; Andratschke Nicolaus; Hurkmans Coen,Radiotherapy and oncology : journal of the European Society for Therapeutic Radiology and Oncology,2020,"This review aimed to provide an overview of the level of maturity of normal tissue complication probability (NTCP) models for head and neck cancer (HNC) patients. A systematic literature review was performed to retrieve NTCP models for HNC toxicities. Patient population characteristics, NTCP model and the predictors, treatment technique and endpoint definition were extracted per article. Models were then scored based on the TRIPOD (transparent reporting of a multivariable prediction model for individual prognosis or diagnosis) consensus guidelines to evaluate their generalizability. 335 articles on photon and proton therapy of HNC were identified and 52 relevant articles were further analyzed. Eighteen articles on xerostomia and sticky saliva (TRIPOD types 1a-2b: 15; TRIPOD type 3: 1; TRIP",10.1016/j.radonc.2020.02.013,https://pubmed.ncbi.nlm.nih.gov/32155505/,32155505,triPod_AI_era=pre-2024 | overall_calib=0 | subgroup_interval=1 | dual_overlap=0
34872592,Solitary pulmonary nodule malignancy predictive models applicable to routine clinical practice: a systematic review.,Senent-Valero Marina; Librero Julián; Pastor-Valero María,Systematic reviews,2021,"Solitary pulmonary nodule (SPN) is a common finding in routine clinical practice when performing chest imaging tests. The vast majority of these nodules are benign, and only a small proportion are malignant. The application of predictive models of nodule malignancy in routine clinical practice would help to achieve better diagnostic management of SPN. The present systematic review was carried out with the purpose of critically assessing studies aimed at developing predictive models of solitary pulmonary nodule (SPN) malignancy from SPN incidentally detected in routine clinical practice.",10.1186/s13643-021-01856-6,https://pubmed.ncbi.nlm.nih.gov/34872592/,34872592,triPod_AI_era=pre-2024 | overall_calib=1 | subgroup_interval=1 | dual_overlap=0
36528232,Minimal reporting improvement after peer review in reports of COVID-19 prediction models: systematic review.,Hudda Mohammed T; Archer Lucinda; van Smeden Maarten; Moons Karel G M; Collins Gary S; Steyerberg Ewout W,Journal of clinical epidemiology,2023,To assess improvement in the completeness of reporting coronavirus (COVID-19) prediction models after the peer review process.,10.1016/j.jclinepi.2022.12.005,https://pubmed.ncbi.nlm.nih.gov/36528232/,36528232,triPod_AI_era=pre-2024 | overall_calib=1 | subgroup_interval=0 | dual_overlap=0
38105979,Artificial Intelligence and Machine Learning in Cancer Related Pain: A Systematic Review.,Salama Vivian; Godinich Brandon; Geng Yimin; Humbert-Vidan Laia; Maule Laura; Wahid Kareem A,medRxiv : the preprint server for health sciences,2023,"Pain is a challenging multifaceted symptom reported by most cancer patients, resulting in a substantial burden on both patients and healthcare systems. This systematic review aims to explore applications of artificial intelligence/machine learning (AI/ML) in predicting pain-related outcomes and supporting decision-making processes in pain management in cancer.",10.1101/2023.12.06.23299610,https://pubmed.ncbi.nlm.nih.gov/38105979/,38105979,triPod_AI_era=pre-2024 | overall_calib=0 | subgroup_interval=0 | dual_overlap=0
42312903,Prognostic prediction models for psoriatic arthritis in psoriasis: A systematic review.,Khoda Fatimah; Khan Yasmin; Haw William W Y; Nahar Sayeda; Hodkinson Claire; Chinoy Hector,Journal of the European Academy of Dermatology and Venereology : JEADV,2026,Psoriatic arthritis is a chronic inflammatory arthropathy that affects up to 22% of individuals with psoriasis. Identifying patients at higher risk of developing this disease presents a window of opportunity for dermatologists to consider treatments that can limit its progression.,10.1111/jdv.70561,https://pubmed.ncbi.nlm.nih.gov/42312903/,42312903,triPod_AI_era=2024-2025 | overall_calib=1 | subgroup_interval=0 | dual_overlap=0
32316847,"Prognostic Research in Traumatic Brain Injury: Markers, Modeling, and Methodological Principles.",Retel Helmrich Isabel R A; Lingsma Hester F; Turgeon Alexis F; Yamal Jose-Miguel; Steyerberg Ewout W,Journal of neurotrauma,2021,"Prognostic assessment in traumatic brain injury (TBI) is embedded deeply in clinical care. Considering the limitations of current prognostic indicators, there is increasing interest in understanding the role of new biomarkers, and in finding other prognostic indicators of long-term outcomes following TBI. New prognostic indicators may result in the development of more accurate prediction models that could be useful for both risk stratification and clinical decision making. We aimed to review methodological issues and provide tentative guidelines for prognostic research in TBI. Prognostic factor research focuses on the role of a specific patient or disease-related characteristic in relation to outcome. Typically, univariable relations of the prognostic factor are studied, followed by analys",10.1089/neu.2019.6708,https://pubmed.ncbi.nlm.nih.gov/32316847/,32316847,triPod_AI_era=pre-2024 | overall_calib=1 | subgroup_interval=0 | dual_overlap=0
41738596,Comprehensive assessment of postoperative metachronous liver metastasis risk in colon cancer based on inflammatory indicators: a multicenter prospective study.,Kang Boyu; Qiao Yihuan; Liu Shuai; Wang Yiqian; Bai Xuechun; Li Yunlong,"International journal of surgery (London, England)",2026,"Insidiousness is a hallmark of metachronous liver metastasis. Owing to the absence of a comprehensive machine-learning model integrating systemic inflammatory indicators for predicting metachronous liver metastasis after colon cancer surgery, and to the lack of prospective validation and interpretability, this study aimed to develop and validate a machine-learning model for predicting postoperative metachronous liver metastasis in patients with colon cancer.",10.1097/JS9.0000000000004984,https://pubmed.ncbi.nlm.nih.gov/41738596/,41738596,triPod_AI_era=2024-2025 | overall_calib=0 | subgroup_interval=0 | dual_overlap=0
42026889,Machine learning prediction of CKD progression in hyperglycemic elderly adults: a prospective community cohort study.,Zhou Zhongqing; Sheng Fei; Hou Jiazhe; Yang Jing; Xu Dongjian; Shen Zhiping,Renal failure,2026,"Hyperglycemia is a major risk factor for chronic kidney disease (CKD). This multicenter prospective study developed and validated a machine learning (ML) model to predict CKD risk in prediabetic and diabetic populations for early intervention, following TRIPOD+AI guidelines. Participants were enrolled from four communities, with three sites providing training (80%) and internal test (20%) datasets, and the fourth for external validation. Five ML algorithms were constructed, and SHapley Additive exPlanations (SHAP) was applied to interpret the optimal model. The XGBoost model showed excellent predictive performance, with AUCs of 0.905, 0.809, and 0.837 in training, internal test, and external validation sets, respectively. Serum creatinine (Scr), age, and hemoglobin (Hb) were the leading pr",10.1080/0886022X.2026.2648313,https://pubmed.ncbi.nlm.nih.gov/42026889/,42026889,triPod_AI_era=2024-2025 | overall_calib=1 | subgroup_interval=1 | dual_overlap=0
36753766,Deep learning based unpaired image-to-image translation applications for medical physics: a systematic review.,Chen Junhua; Chen Shenlun; Wee Leonard; Dekker Andre; Bermejo Inigo,Physics in medicine and biology,2023,,10.1088/1361-6560/acba74,https://pubmed.ncbi.nlm.nih.gov/36753766/,36753766,triPod_AI_era=pre-2024 | overall_calib=1 | subgroup_interval=1 | dual_overlap=0
41257634,Insights and limitations of endometrial cancer risk prediction models for clinical applicability: a systematic review.,El-Halabi Sabine; Luo Alison Zhijin; Talhouk Aline,BMC cancer,2025,"Endometrial cancer (EC) is the most common gynecologic cancer in high-income countries, with rising incidence rates. Risk prediction models can identify high-risk individuals, enabling targeted prevention and early intervention. Despite the development of several multivariable risk models aimed at stratifying EC risk, none have yet been adopted for clinical use in cancer prevention. This systematic review critically examines the performance, validation, and clinical applicability of existing EC risk prediction models.",10.1186/s12885-025-15200-x,https://pubmed.ncbi.nlm.nih.gov/41257634/,41257634,triPod_AI_era=2024-2025 | overall_calib=0 | subgroup_interval=0 | dual_overlap=0
41438299,Machine learning-optimized metabolic biomarker panel for precision screening of early-stage pancreatic cancer in new-onset diabetes.,Jiang Weiliang; Cheng Zhiyuan; Mu Rong; Sun Haoran; Guo Zihao; Yu Guo,Frontiers in endocrinology,2025,"New-onset diabetes (NOD) represents a high-risk population for pancreatic ductal adenocarcinoma (PDAC), yet effective early detection tools for this specific subgroup remain an unmet clinical need.",10.3389/fendo.2025.1684608,https://pubmed.ncbi.nlm.nih.gov/41438299/,41438299,triPod_AI_era=2024-2025 | overall_calib=1 | subgroup_interval=0 | dual_overlap=0
34983096,Quality of Radiomics Research on Brain Metastasis: A Roadmap to Promote Clinical Translation.,Park Chae Jung; Park Yae Won; Ahn Sung Soo; Kim Dain; Kim Eui Hyun; Kang Seok-Gu,Korean journal of radiology,2022,"Our study aimed to evaluate the quality of radiomics studies on brain metastases based on the radiomics quality score (RQS), Transparent Reporting of a multivariable prediction model for Individual Prognosis Or Diagnosis (TRIPOD) checklist, and the Image Biomarker Standardization Initiative (IBSI) guidelines.",10.3348/kjr.2021.0421,https://pubmed.ncbi.nlm.nih.gov/34983096/,34983096,triPod_AI_era=pre-2024 | overall_calib=1 | subgroup_interval=0 | dual_overlap=0
41617898,Machine learning mortality prediction model for cyclosporine therapy in pediatric aplastic anemia.,Wen Xianhao; Xiao Li; Li Danni; Liao Meiling; Liu Yuye; Liu Qihui,Annals of hematology,2026,"The outcomes of children with aplastic anemia receiving cyclosporine monotherapy vary significantly in terms of mortality risk; therefore, a prognostic model for predicting mortality risk was constructed to optimize risk-stratified treatment strategies. This retrospective cohort study included children with acquired AA receiving cyclosporine-based immunosuppression, stratified by disease severity (vSAA/SAA/NSAA) and randomly split into training (70%) and validation (30%) cohorts. Ten machine learning models were developed; hyperparameters were optimized via grid search with 10-fold cross-validation exclusively within the training cohort to prevent data leakage. Model performance was evaluated using area under the ROC curve (AUC), accuracy, recall, specificity, precision, F1 score, and Brie",10.1007/s00277-026-06842-3,https://pubmed.ncbi.nlm.nih.gov/41617898/,41617898,triPod_AI_era=2024-2025 | overall_calib=0 | subgroup_interval=0 | dual_overlap=0
35500139,Characteristics and Quality of Diagnostic and Risk Prediction Models for Frailty in Older Adults: A Systematic Review.,Gao Yinyan; Chen Yancong; Hu Mingyue; Gan Ting; Sun Xuemei; Zhang Zixuan,Journal of applied gerontology : the official journal of the Southern Gerontological Society,2022,"Several prediction models for frailty in older adults have been published, but their characteristics and methodological quality are unclear. This review aims to summarize and critically appraise the prediction models. Studies describing multivariable prediction models for frailty among older adults were included. PubMed, Embase, Web of Science, and PsycINFO were searched from outset to Feb 21, 2021. Methodological and reporting quality of included models were evaluated by PROBAST and TRIPOD, respectively. All results were descriptively summarized. Twenty articles including 39 models were identified. The included models showed good predictive discrimination with C indices ranging from 0.70 to 0.98. However, all studies except one were assessed as high risk of bias mainly due to inappropriat",10.1177/07334648221097084,https://pubmed.ncbi.nlm.nih.gov/35500139/,35500139,triPod_AI_era=pre-2024 | overall_calib=1 | subgroup_interval=1 | dual_overlap=0
40953872,"Developing and validating a risk prediction model for conversion to type 2 diabetes mellitus in women with a history of gestational diabetes mellitus: protocol for a population-based, data-linkage study.",Versace Vincent; Boyle Douglas; Janus Edward; Dunbar James; Feyissa Tesfaye R; Belsti Yitayeh,BMJ open,2025,"Women with gestational diabetes mellitus (GDM) are at seven-fold to ten-fold increased risk of type 2 diabetes mellitus (T2DM) when compared with those who experience a normoglycaemic pregnancy, and the cumulative incidence increases with the time of follow-up post birth. This protocol outlines the development and validation of a risk prediction model assessing the 5-year and 10-year risk of T2DM in women with a prior GDM diagnosis.",10.1136/bmjopen-2025-106052,https://pubmed.ncbi.nlm.nih.gov/40953872/,40953872,triPod_AI_era=2024-2025 | overall_calib=1 | subgroup_interval=0 | dual_overlap=0
40845608,Transparency in Externally Validated Models: A systematic review of machine learning vs. logistic regression for predicting colorectal anastomotic leakage.,Ben Hmido Sara; Abder Rahim Houssam; Ingwersen Erik W; Burchell George; Hompes Roel; van der Peet Donald,European journal of surgical oncology : the journal of the European Society of Surgical Oncology and the British Association of Surgical Oncology,2025,"Colorectal resection carries a 2.8 %-30 % risk of anastomotic leakage. Machine learning can estimate risks and guide decisions, but clinical implementation remains inadequate due to transparency issues. This review assesses the performance and transparency of machine learning models compared to logistic regression.",10.1016/j.ejso.2025.110367,https://pubmed.ncbi.nlm.nih.gov/40845608/,40845608,triPod_AI_era=2024-2025 | overall_calib=0 | subgroup_interval=1 | dual_overlap=0
38259313,Prediction models for major adverse cardiovascular events after percutaneous coronary intervention: a systematic review.,Deng Wenqi; Wang Dayang; Wan Yandi; Lai Sijia; Ding Yukun; Wang Xian,Frontiers in cardiovascular medicine,2023,"The number of models developed for predicting major adverse cardiovascular events (MACE) in patients undergoing percutaneous coronary intervention (PCI) is increasing, but the performance of these models is unknown. The purpose of this systematic review is to evaluate, describe, and compare existing models and analyze the factors that can predict outcomes.",10.3389/fcvm.2023.1287434,https://pubmed.ncbi.nlm.nih.gov/38259313/,38259313,triPod_AI_era=pre-2024 | overall_calib=1 | subgroup_interval=0 | dual_overlap=0
38465408,Development and internal validation of a prediction model for patients with hematologic diseases of fall risk: a cohort study.,Xinrui Huang; Min Xu; Min Cao; Chenyi Xu,Expert review of hematology,2024,To develop and internally validate a prediction model for identifying patients with hematologic diseases of fall risk.,10.1080/17474086.2024.2329596,https://pubmed.ncbi.nlm.nih.gov/38465408/,38465408,triPod_AI_era=2024-2025 | overall_calib=1 | subgroup_interval=1 | dual_overlap=0
35297371,Implementation of prognostic machine learning algorithms in paediatric chronic respiratory conditions: a scoping review.,Filipow Nicole; Main Eleanor; Sebire Neil J; Booth John; Taylor Andrew M; Davies Gwyneth,BMJ open respiratory research,2022,"Machine learning (ML) holds great potential for predicting clinical outcomes in heterogeneous chronic respiratory diseases (CRD) affecting children, where timely individualised treatments offer opportunities for health optimisation. This paper identifies rate-limiting steps in ML prediction model development that impair clinical translation and discusses regulatory, clinical and ethical considerations for ML implementation. A scoping review of ML prediction models in paediatric CRDs was undertaken using the PRISMA extension scoping review guidelines. From 1209 results, 25 articles published between 2013 and 2021 were evaluated for features of a good clinical prediction model using the Transparent Reporting of a multivariable prediction model for Individual Prognosis Or Diagnosis (TRIPOD) g",10.1136/bmjresp-2021-001165,https://pubmed.ncbi.nlm.nih.gov/35297371/,35297371,triPod_AI_era=pre-2024 | overall_calib=0 | subgroup_interval=0 | dual_overlap=0
TBD_001,[TBD placeholder 001 of 150 — to be fetched via esearch retstart 91 ],,,,Placeholder for remaining 60 of 150 target; fetch via TRIPOD AND validation retstart 90 (seed 20260830),,,TBD_001,TBD — not yet screened; will be populated in full n=150 run
TBD_002,[TBD placeholder 002 of 150 — to be fetched via esearch retstart 92 ],,,,Placeholder for remaining 60 of 150 target; fetch via TRIPOD AND validation retstart 91 (seed 20260830),,,TBD_002,TBD — not yet screened; will be populated in full n=150 run
TBD_003,[TBD placeholder 003 of 150 — to be fetched via esearch retstart 93 ],,,,Placeholder for remaining 60 of 150 target; fetch via TRIPOD AND validation retstart 92 (seed 20260830),,,TBD_003,TBD — not yet screened; will be populated in full n=150 run
TBD_004,[TBD placeholder 004 of 150 — to be fetched via esearch retstart 94 ],,,,Placeholder for remaining 60 of 150 target; fetch via TRIPOD AND validation retstart 93 (seed 20260830),,,TBD_004,TBD — not yet screened; will be populated in full n=150 run
TBD_005,[TBD placeholder 005 of 150 — to be fetched via esearch retstart 95 ],,,,Placeholder for remaining 60 of 150 target; fetch via TRIPOD AND validation retstart 94 (seed 20260830),,,TBD_005,TBD — not yet screened; will be populated in full n=150 run
TBD_006,[TBD placeholder 006 of 150 — to be fetched via esearch retstart 96 ],,,,Placeholder for remaining 60 of 150 target; fetch via TRIPOD AND validation retstart 95 (seed 20260830),,,TBD_006,TBD — not yet screened; will be populated in full n=150 run
TBD_007,[TBD placeholder 007 of 150 — to be fetched via esearch retstart 97 ],,,,Placeholder for remaining 60 of 150 target; fetch via TRIPOD AND validation retstart 96 (seed 20260830),,,TBD_007,TBD — not yet screened; will be populated in full n=150 run
TBD_008,[TBD placeholder 008 of 150 — to be fetched via esearch retstart 98 ],,,,Placeholder for remaining 60 of 150 target; fetch via TRIPOD AND validation retstart 97 (seed 20260830),,,TBD_008,TBD — not yet screened; will be populated in full n=150 run
TBD_009,[TBD placeholder 009 of 150 — to be fetched via esearch retstart 99 ],,,,Placeholder for remaining 60 of 150 target; fetch via TRIPOD AND validation retstart 98 (seed 20260830),,,TBD_009,TBD — not yet screened; will be populated in full n=150 run
TBD_010,[TBD placeholder 010 of 150 — to be fetched via esearch retstart 100 ],,,,Placeholder for remaining 60 of 150 target; fetch via TRIPOD AND validation retstart 99 (seed 20260830),,,TBD_010,TBD — not yet screened; will be populated in full n=150 run
TBD_011,[TBD placeholder 011 of 150 — to be fetched via esearch retstart 101 ],,,,Placeholder for remaining 60 of 150 target; fetch via TRIPOD AND validation retstart 100 (seed 20260830),,,TBD_011,TBD — not yet screened; will be populated in full n=150 run
TBD_012,[TBD placeholder 012 of 150 — to be fetched via esearch retstart 102 ],,,,Placeholder for remaining 60 of 150 target; fetch via TRIPOD AND validation retstart 101 (seed 20260830),,,TBD_012,TBD — not yet screened; will be populated in full n=150 run
TBD_013,[TBD placeholder 013 of 150 — to be fetched via esearch retstart 103 ],,,,Placeholder for remaining 60 of 150 target; fetch via TRIPOD AND validation retstart 102 (seed 20260830),,,TBD_013,TBD — not yet screened; will be populated in full n=150 run
TBD_014,[TBD placeholder 014 of 150 — to be fetched via esearch retstart 104 ],,,,Placeholder for remaining 60 of 150 target; fetch via TRIPOD AND validation retstart 103 (seed 20260830),,,TBD_014,TBD — not yet screened; will be populated in full n=150 run
TBD_015,[TBD placeholder 015 of 150 — to be fetched via esearch retstart 105 ],,,,Placeholder for remaining 60 of 150 target; fetch via TRIPOD AND validation retstart 104 (seed 20260830),,,TBD_015,TBD — not yet screened; will be populated in full n=150 run
TBD_016,[TBD placeholder 016 of 150 — to be fetched via esearch retstart 106 ],,,,Placeholder for remaining 60 of 150 target; fetch via TRIPOD AND validation retstart 105 (seed 20260830),,,TBD_016,TBD — not yet screened; will be populated in full n=150 run
TBD_017,[TBD placeholder 017 of 150 — to be fetched via esearch retstart 107 ],,,,Placeholder for remaining 60 of 150 target; fetch via TRIPOD AND validation retstart 106 (seed 20260830),,,TBD_017,TBD — not yet screened; will be populated in full n=150 run
TBD_018,[TBD placeholder 018 of 150 — to be fetched via esearch retstart 108 ],,,,Placeholder for remaining 60 of 150 target; fetch via TRIPOD AND validation retstart 107 (seed 20260830),,,TBD_018,TBD — not yet screened; will be populated in full n=150 run
TBD_019,[TBD placeholder 019 of 150 — to be fetched via esearch retstart 109 ],,,,Placeholder for remaining 60 of 150 target; fetch via TRIPOD AND validation retstart 108 (seed 20260830),,,TBD_019,TBD — not yet screened; will be populated in full n=150 run
TBD_020,[TBD placeholder 020 of 150 — to be fetched via esearch retstart 110 ],,,,Placeholder for remaining 60 of 150 target; fetch via TRIPOD AND validation retstart 109 (seed 20260830),,,TBD_020,TBD — not yet screened; will be populated in full n=150 run
TBD_021,[TBD placeholder 021 of 150 — to be fetched via esearch retstart 111 ],,,,Placeholder for remaining 60 of 150 target; fetch via TRIPOD AND validation retstart 110 (seed 20260830),,,TBD_021,TBD — not yet screened; will be populated in full n=150 run
TBD_022,[TBD placeholder 022 of 150 — to be fetched via esearch retstart 112 ],,,,Placeholder for remaining 60 of 150 target; fetch via TRIPOD AND validation retstart 111 (seed 20260830),,,TBD_022,TBD — not yet screened; will be populated in full n=150 run
TBD_023,[TBD placeholder 023 of 150 — to be fetched via esearch retstart 113 ],,,,Placeholder for remaining 60 of 150 target; fetch via TRIPOD AND validation retstart 112 (seed 20260830),,,TBD_023,TBD — not yet screened; will be populated in full n=150 run
TBD_024,[TBD placeholder 024 of 150 — to be fetched via esearch retstart 114 ],,,,Placeholder for remaining 60 of 150 target; fetch via TRIPOD AND validation retstart 113 (seed 20260830),,,TBD_024,TBD — not yet screened; will be populated in full n=150 run
TBD_025,[TBD placeholder 025 of 150 — to be fetched via esearch retstart 115 ],,,,Placeholder for remaining 60 of 150 target; fetch via TRIPOD AND validation retstart 114 (seed 20260830),,,TBD_025,TBD — not yet screened; will be populated in full n=150 run
TBD_026,[TBD placeholder 026 of 150 — to be fetched via esearch retstart 116 ],,,,Placeholder for remaining 60 of 150 target; fetch via TRIPOD AND validation retstart 115 (seed 20260830),,,TBD_026,TBD — not yet screened; will be populated in full n=150 run
TBD_027,[TBD placeholder 027 of 150 — to be fetched via esearch retstart 117 ],,,,Placeholder for remaining 60 of 150 target; fetch via TRIPOD AND validation retstart 116 (seed 20260830),,,TBD_027,TBD — not yet screened; will be populated in full n=150 run
TBD_028,[TBD placeholder 028 of 150 — to be fetched via esearch retstart 118 ],,,,Placeholder for remaining 60 of 150 target; fetch via TRIPOD AND validation retstart 117 (seed 20260830),,,TBD_028,TBD — not yet screened; will be populated in full n=150 run
TBD_029,[TBD placeholder 029 of 150 — to be fetched via esearch retstart 119 ],,,,Placeholder for remaining 60 of 150 target; fetch via TRIPOD AND validation retstart 118 (seed 20260830),,,TBD_029,TBD — not yet screened; will be populated in full n=150 run
TBD_030,[TBD placeholder 030 of 150 — to be fetched via esearch retstart 120 ],,,,Placeholder for remaining 60 of 150 target; fetch via TRIPOD AND validation retstart 119 (seed 20260830),,,TBD_030,TBD — not yet screened; will be populated in full n=150 run
TBD_031,[TBD placeholder 031 of 150 — to be fetched via esearch retstart 121 ],,,,Placeholder for remaining 60 of 150 target; fetch via TRIPOD AND validation retstart 120 (seed 20260830),,,TBD_031,TBD — not yet screened; will be populated in full n=150 run
TBD_032,[TBD placeholder 032 of 150 — to be fetched via esearch retstart 122 ],,,,Placeholder for remaining 60 of 150 target; fetch via TRIPOD AND validation retstart 121 (seed 20260830),,,TBD_032,TBD — not yet screened; will be populated in full n=150 run
TBD_033,[TBD placeholder 033 of 150 — to be fetched via esearch retstart 123 ],,,,Placeholder for remaining 60 of 150 target; fetch via TRIPOD AND validation retstart 122 (seed 20260830),,,TBD_033,TBD — not yet screened; will be populated in full n=150 run
TBD_034,[TBD placeholder 034 of 150 — to be fetched via esearch retstart 124 ],,,,Placeholder for remaining 60 of 150 target; fetch via TRIPOD AND validation retstart 123 (seed 20260830),,,TBD_034,TBD — not yet screened; will be populated in full n=150 run
TBD_035,[TBD placeholder 035 of 150 — to be fetched via esearch retstart 125 ],,,,Placeholder for remaining 60 of 150 target; fetch via TRIPOD AND validation retstart 124 (seed 20260830),,,TBD_035,TBD — not yet screened; will be populated in full n=150 run
TBD_036,[TBD placeholder 036 of 150 — to be fetched via esearch retstart 126 ],,,,Placeholder for remaining 60 of 150 target; fetch via TRIPOD AND validation retstart 125 (seed 20260830),,,TBD_036,TBD — not yet screened; will be populated in full n=150 run
TBD_037,[TBD placeholder 037 of 150 — to be fetched via esearch retstart 127 ],,,,Placeholder for remaining 60 of 150 target; fetch via TRIPOD AND validation retstart 126 (seed 20260830),,,TBD_037,TBD — not yet screened; will be populated in full n=150 run
TBD_038,[TBD placeholder 038 of 150 — to be fetched via esearch retstart 128 ],,,,Placeholder for remaining 60 of 150 target; fetch via TRIPOD AND validation retstart 127 (seed 20260830),,,TBD_038,TBD — not yet screened; will be populated in full n=150 run
TBD_039,[TBD placeholder 039 of 150 — to be fetched via esearch retstart 129 ],,,,Placeholder for remaining 60 of 150 target; fetch via TRIPOD AND validation retstart 128 (seed 20260830),,,TBD_039,TBD — not yet screened; will be populated in full n=150 run
TBD_040,[TBD placeholder 040 of 150 — to be fetched via esearch retstart 130 ],,,,Placeholder for remaining 60 of 150 target; fetch via TRIPOD AND validation retstart 129 (seed 20260830),,,TBD_040,TBD — not yet screened; will be populated in full n=150 run
TBD_041,[TBD placeholder 041 of 150 — to be fetched via esearch retstart 131 ],,,,Placeholder for remaining 60 of 150 target; fetch via TRIPOD AND validation retstart 130 (seed 20260830),,,TBD_041,TBD — not yet screened; will be populated in full n=150 run
TBD_042,[TBD placeholder 042 of 150 — to be fetched via esearch retstart 132 ],,,,Placeholder for remaining 60 of 150 target; fetch via TRIPOD AND validation retstart 131 (seed 20260830),,,TBD_042,TBD — not yet screened; will be populated in full n=150 run
TBD_043,[TBD placeholder 043 of 150 — to be fetched via esearch retstart 133 ],,,,Placeholder for remaining 60 of 150 target; fetch via TRIPOD AND validation retstart 132 (seed 20260830),,,TBD_043,TBD — not yet screened; will be populated in full n=150 run
TBD_044,[TBD placeholder 044 of 150 — to be fetched via esearch retstart 134 ],,,,Placeholder for remaining 60 of 150 target; fetch via TRIPOD AND validation retstart 133 (seed 20260830),,,TBD_044,TBD — not yet screened; will be populated in full n=150 run
TBD_045,[TBD placeholder 045 of 150 — to be fetched via esearch retstart 135 ],,,,Placeholder for remaining 60 of 150 target; fetch via TRIPOD AND validation retstart 134 (seed 20260830),,,TBD_045,TBD — not yet screened; will be populated in full n=150 run
TBD_046,[TBD placeholder 046 of 150 — to be fetched via esearch retstart 136 ],,,,Placeholder for remaining 60 of 150 target; fetch via TRIPOD AND validation retstart 135 (seed 20260830),,,TBD_046,TBD — not yet screened; will be populated in full n=150 run
TBD_047,[TBD placeholder 047 of 150 — to be fetched via esearch retstart 137 ],,,,Placeholder for remaining 60 of 150 target; fetch via TRIPOD AND validation retstart 136 (seed 20260830),,,TBD_047,TBD — not yet screened; will be populated in full n=150 run
TBD_048,[TBD placeholder 048 of 150 — to be fetched via esearch retstart 138 ],,,,Placeholder for remaining 60 of 150 target; fetch via TRIPOD AND validation retstart 137 (seed 20260830),,,TBD_048,TBD — not yet screened; will be populated in full n=150 run
TBD_049,[TBD placeholder 049 of 150 — to be fetched via esearch retstart 139 ],,,,Placeholder for remaining 60 of 150 target; fetch via TRIPOD AND validation retstart 138 (seed 20260830),,,TBD_049,TBD — not yet screened; will be populated in full n=150 run
TBD_050,[TBD placeholder 050 of 150 — to be fetched via esearch retstart 140 ],,,,Placeholder for remaining 60 of 150 target; fetch via TRIPOD AND validation retstart 139 (seed 20260830),,,TBD_050,TBD — not yet screened; will be populated in full n=150 run
TBD_051,[TBD placeholder 051 of 150 — to be fetched via esearch retstart 141 ],,,,Placeholder for remaining 60 of 150 target; fetch via TRIPOD AND validation retstart 140 (seed 20260830),,,TBD_051,TBD — not yet screened; will be populated in full n=150 run
TBD_052,[TBD placeholder 052 of 150 — to be fetched via esearch retstart 142 ],,,,Placeholder for remaining 60 of 150 target; fetch via TRIPOD AND validation retstart 141 (seed 20260830),,,TBD_052,TBD — not yet screened; will be populated in full n=150 run
TBD_053,[TBD placeholder 053 of 150 — to be fetched via esearch retstart 143 ],,,,Placeholder for remaining 60 of 150 target; fetch via TRIPOD AND validation retstart 142 (seed 20260830),,,TBD_053,TBD — not yet screened; will be populated in full n=150 run
TBD_054,[TBD placeholder 054 of 150 — to be fetched via esearch retstart 144 ],,,,Placeholder for remaining 60 of 150 target; fetch via TRIPOD AND validation retstart 143 (seed 20260830),,,TBD_054,TBD — not yet screened; will be populated in full n=150 run
TBD_055,[TBD placeholder 055 of 150 — to be fetched via esearch retstart 145 ],,,,Placeholder for remaining 60 of 150 target; fetch via TRIPOD AND validation retstart 144 (seed 20260830),,,TBD_055,TBD — not yet screened; will be populated in full n=150 run
TBD_056,[TBD placeholder 056 of 150 — to be fetched via esearch retstart 146 ],,,,Placeholder for remaining 60 of 150 target; fetch via TRIPOD AND validation retstart 145 (seed 20260830),,,TBD_056,TBD — not yet screened; will be populated in full n=150 run
TBD_057,[TBD placeholder 057 of 150 — to be fetched via esearch retstart 147 ],,,,Placeholder for remaining 60 of 150 target; fetch via TRIPOD AND validation retstart 146 (seed 20260830),,,TBD_057,TBD — not yet screened; will be populated in full n=150 run
TBD_058,[TBD placeholder 058 of 150 — to be fetched via esearch retstart 148 ],,,,Placeholder for remaining 60 of 150 target; fetch via TRIPOD AND validation retstart 147 (seed 20260830),,,TBD_058,TBD — not yet screened; will be populated in full n=150 run
TBD_059,[TBD placeholder 059 of 150 — to be fetched via esearch retstart 149 ],,,,Placeholder for remaining 60 of 150 target; fetch via TRIPOD AND validation retstart 148 (seed 20260830),,,TBD_059,TBD — not yet screened; will be populated in full n=150 run
TBD_060,[TBD placeholder 060 of 150 — to be fetched via esearch retstart 150 ],,,,Placeholder for remaining 60 of 150 target; fetch via TRIPOD AND validation retstart 149 (seed 20260830),,,TBD_060,TBD — not yet screened; will be populated in full n=150 run
